pilot_id,relative_path,status,error,image_width,image_height,num_regions,runtime_seconds
DVP_001_00009dcb92a2,Data/Tables/0_real/PMC3361340_table_0.jpg,ok,,684,278,89,0.8131012999983795
DVP_002_00095f59a74b,Data/Receipts/1_fake/receipt_0609.png,ok,,1023,1537,61,0.23645479999868257
DVP_003_000cc7e882fa,Data/AcademicPosters/1_fake/academic_poster_0823.png,ok,,1402,1122,176,0.2930928000005224
DVP_004_000f693d4a62,Data/UIScreenshots/1_fake/ui_0844.png,ok,,941,1672,64,0.2108819000004587
DVP_005_001093bb82c1,Data/CommercialPosters/1_fake/commercial_poster_0332.png,ok,,1448,1086,32,0.24901429999954416
DVP_006_001b9f70299d,Data/UIScreenshots/1_fake/ui_0850.png,ok,,941,1672,43,0.19764590000158933
DVP_007_0020f18400cc,Data/UIScreenshots/0_real/3942.jpg,ok,,1080,1920,8,0.1916101000006165
DVP_008_002425e25739,Data/InfographicCharts/1_fake/infographic_chart_0455.png,ok,,1254,1254,37,0.34023960000013176
DVP_009_002812010de4,Data/InfographicCharts/1_fake/infographic_chart_0373.png,ok,,1347,1167,57,0.306465699999535
DVP_010_002cab38dc59,Data/AcademicPosters/1_fake/academic_poster_0393.png,ok,,1402,1122,209,0.3007835000007617
DVP_011_002cb99f3691,Data/AcademicPosters/1_fake/academic_poster_0655.png,ok,,1402,1122,158,0.28712869999981194
DVP_012_002d584c4e7f,Data/AcademicPosters/1_fake/academic_poster_0234.png,ok,,1402,1122,190,0.2890996999994968
DVP_013_003f16df2207,Data/UIScreenshots/0_real/6011.jpg,ok,,1080,1920,44,0.18952040000112902
DVP_014_0042fe15d832,Data/InfographicCharts/0_real/00013316.jpeg,ok,,1200,1200,30,0.33369929999935266
DVP_015_0046cf9c9f1a,Data/AcademicPosters/1_fake/academic_poster_0602.png,ok,,1402,1122,204,0.29343619999963266
DVP_016_004b61a8ee7f,Data/Tables/1_fake/table_0726.png,ok,,1402,1122,120,0.27561040000000503
DVP_017_0051c3354791,Data/InfographicCharts/1_fake/infographic_chart_0399.png,ok,,1402,1122,50,0.2600670000010723
DVP_018_00553172e64a,Data/Receipts/1_fake/receipt_0214.png,ok,,1015,1549,69,0.20938030000070285
DVP_019_0062f18128e1,Data/InfographicCharts/0_real/00000395.jpeg,ok,,1200,1200,57,0.34679589999905147
DVP_020_0067c7996c04,Data/CommercialPosters/0_real/5ecd32ca499b85dcc7980750_preview.jpg,ok,,576,1024,3,0.1846138000000792
DVP_021_006c5fceb252,Data/InfographicCharts/0_real/00015440.jpeg,ok,,1200,1200,65,0.33799899999939953
DVP_022_0071d7b81993,Data/CommercialPosters/1_fake/commercial_poster_0990.png,ok,,1086,1448,31,0.2452240000002348
DVP_023_0074132a6a8f,Data/Tables/1_fake/table_0293.png,ok,,1375,1144,78,0.30216660000041884
DVP_024_007917063fc5,Data/AcademicPosters/1_fake/academic_poster_0216.png,ok,,1402,1122,201,0.29424939999989874
DVP_025_007a18897b6b,Data/Tables/0_real/PMC5664791_table_1.jpg,ok,,685,261,54,0.163792099998318
DVP_026_007a5bc356f2,Data/InfographicCharts/0_real/00057800.jpg,ok,,1066,567,14,0.20105510000030336
DVP_027_007f8f10cccb,Data/AcademicPosters/1_fake/academic_poster_0807.png,ok,,1402,1122,176,0.28506689999994705
DVP_028_008b321370d4,Data/UIScreenshots/0_real/53059.jpg,ok,,540,960,14,0.18363599999975122
DVP_029_0090071373da,Data/UIScreenshots/1_fake/ui_0153.png,ok,,941,1672,43,0.19258869999976014
DVP_030_00993b6ea489,Data/Receipts/1_fake/receipt_1061.png,ok,,1023,1537,41,0.2123078999993595
DVP_031_00a25e8951c0,Data/AcademicPosters/0_real/NeurIPS_2022_54176_Streaming Radiance Fields for 3D Video Synthesis.png,ok,,4512,2208,148,0.2312007000000449
DVP_032_00b1b3aebe3c,Data/InfographicCharts/1_fake/infographic_chart_0359.png,ok,,1254,1254,37,0.32802710000032675
DVP_033_00b8639a4298,Data/UIScreenshots/1_fake/ui_0310.png,ok,,941,1672,15,0.18402840000089782
DVP_034_00b8efaf230b,Data/Receipts/0_real/X51007339118.jpg,ok,,623,1399,49,0.17456479999964358
DVP_035_00bcfd0e9c96,Data/CommercialPosters/1_fake/commercial_poster_0049.png,ok,,1448,1086,33,0.2318416000016441
DVP_036_00bf168fd92d,Data/CommercialPosters/1_fake/commercial_poster_0257.png,ok,,1086,1448,24,0.23816330000045127
DVP_037_00c137df1a71,Data/InfographicCharts/1_fake/infographic_chart_0165.png,ok,,1693,929,112,0.17925650000142923
DVP_038_00c49d3e5261,Data/AcademicPosters/0_real/ICLR_2022_6636_Map Induction_ Compositional spatial submap learning for eff.png,ok,,2044,2880,120,0.2620738999994501
DVP_039_00c60ed30745,Data/Receipts/0_real/X51005715006.jpg,ok,,619,931,46,0.22025529999882565
DVP_040_00c7f8f86a6c,Data/Receipts/0_real/X51006311764.jpg,ok,,873,1733,48,0.19624320000002626
DVP_041_00cc2dbc33ae,Data/AcademicPosters/0_real/ICLR_2023_11930_Exploring The Role of Mean Teachers in Self-supervised Maske.png,ok,,4266,2400,226,0.23578529999940656
DVP_042_00d29d8e111a,Data/AcademicPosters/1_fake/academic_poster_0336.png,ok,,1536,1024,170,0.25434950000089884
DVP_043_00d9532b88f5,Data/UIScreenshots/1_fake/ui_0547.png,ok,,941,1672,58,0.19814810000025318
DVP_044_00fc768ab465,Data/Tables/0_real/PMC5732374_table_1.jpg,ok,,530,314,73,0.15399489999981597
DVP_045_0102932205a0,Data/Tables/1_fake/table_0463.png,ok,,1345,1169,66,0.32105310000042664
DVP_046_0107906549df,Data/InfographicCharts/1_fake/infographic_chart_0608.png,ok,,1536,1024,75,0.21933639999951993
DVP_047_010c0e55105c,Data/Tables/0_real/PMC5714864_table_1.jpg,ok,,389,306,66,0.17153830000097514
DVP_048_010e09ec457f,Data/UIScreenshots/1_fake/ui_0536.png,ok,,941,1672,60,0.19235309999930905
DVP_049_0118f3cf4061,Data/CommercialPosters/0_real/5a6f2b1d8c32ec6f8bc5567e_preview.jpg,ok,,1024,576,3,0.188487500001429
DVP_050_0134146f813d,Data/Receipts/1_fake/receipt_0944.png,ok,,1024,1536,52,0.20534760000009555
DVP_051_013feef01c56,Data/CommercialPosters/1_fake/commercial_poster_0729.png,ok,,1086,1448,34,0.23866939999970782
DVP_052_0143021eaa7a,Data/UIScreenshots/0_real/8555.jpg,ok,,1080,1920,14,0.18506100000013248
DVP_053_0147eb1ff5d1,Data/InfographicCharts/1_fake/infographic_chart_0596.png,ok,,1402,1122,42,0.266352900000129
DVP_054_0155a51ce8a6,Data/UIScreenshots/1_fake/ui_0683.png,ok,,941,1672,20,0.1851514000009047
DVP_055_015b3d437c3f,Data/Tables/0_real/PMC4663529_table_3.jpg,ok,,600,337,114,0.18956539999999222
DVP_056_016cbad5c739,Data/AcademicPosters/0_real/NeurIPS_2022_55073_Biologically Inspired Dynamic Thresholds for Spiking Neural .png,ok,,4320,2880,63,0.22679690000040864
DVP_057_01794c2b6b86,Data/UIScreenshots/1_fake/ui_0553.png,ok,,941,1672,35,0.1927073000006203
DVP_058_017aab6a650f,Data/Tables/0_real/PMC4700601_table_0.jpg,ok,,370,256,52,0.14392310000039288
DVP_059_017d3d27150e,Data/Tables/0_real/PMC6163741_table_1.jpg,ok,,573,258,53,0.16026380000039353
DVP_060_017dd1a3bd75,Data/UIScreenshots/0_real/37309.jpg,ok,,540,960,30,0.18915990000095917
DVP_061_01820d9ac11f,Data/InfographicCharts/0_real/00008926.jpeg,ok,,1200,1200,20,0.6747841999986122
DVP_062_019b773ed49c,Data/AcademicPosters/0_real/ICML_2024_32933_Don_t trust your eyes_ on the _un_reliability of feature vis.png,ok,,4080,2448,145,0.24609140000029583
DVP_063_019c92e3ffab,Data/CommercialPosters/0_real/5b3f4a3d1eb1c99e2a3b84c2_preview.jpg,ok,,1024,576,8,0.19155729999874893
DVP_064_01a3c38c16b2,Data/Receipts/1_fake/receipt_0367.png,ok,,1023,1537,53,0.2093738999992638
DVP_065_01abd78c859f,Data/UIScreenshots/1_fake/ui_0377.png,ok,,941,1672,41,0.1907446000004711
DVP_066_01ad978401b4,Data/UIScreenshots/0_real/71879.jpg,ok,,540,960,12,0.18319220000012137
DVP_067_01b2837fcc3a,Data/CommercialPosters/1_fake/commercial_poster_0369.png,ok,,1086,1448,28,0.23853919999965
DVP_068_01b7dd76924d,Data/Tables/0_real/PMC5859550_table_3.jpg,ok,,685,337,43,0.18141339999965567
DVP_069_01bcfb59c00e,Data/Receipts/1_fake/receipt_0550.png,ok,,1023,1537,44,0.2096718000011606
DVP_070_01c3147af964,Data/CommercialPosters/1_fake/commercial_poster_0730.png,ok,,1086,1448,30,0.2336926999996649
DVP_071_01c448a8c43e,Data/Tables/1_fake/table_0065.png,ok,,1402,1122,46,0.25519139999960316
DVP_072_01d0a9a5868e,Data/InfographicCharts/0_real/00057060.jpg,ok,,1199,1012,44,0.28277560000060475
DVP_073_01d2c3267b57,Data/CommercialPosters/0_real/5cd68d107d4459dfe1349845_preview.jpg,ok,,1024,1024,4,0.3114300999986881
DVP_074_01dd36157623,Data/AcademicPosters/1_fake/academic_poster_0442.png,ok,,1402,1122,191,0.2779004999993049
DVP_075_01dd5c9ef4fd,Data/Receipts/1_fake/receipt_0458.png,ok,,1024,1536,56,0.20732780000071216
DVP_076_01dd70ff61f2,Data/InfographicCharts/1_fake/infographic_chart_0480.png,ok,,1313,1198,58,0.28956970000035653
DVP_077_01ece75e67f5,Data/UIScreenshots/0_real/52107.jpg,ok,,1080,1920,23,0.18416130000150588
DVP_078_01f03f916ae9,Data/InfographicCharts/1_fake/infographic_chart_0115.png,ok,,1177,1337,52,0.2801857000013115
DVP_079_01f0f7822803,Data/Receipts/0_real/X51008099085.jpg,ok,,932,1740,44,0.18858360000012908
DVP_080_02038acf881a,Data/Tables/0_real/PMC1326198_table_0.jpg,ok,,363,595,80,0.14938740000070538
DVP_081_02055dc1a918,Data/AcademicPosters/0_real/ICML_2024_33332_Visual Transformer with Differentiable Channel Selection_ An.png,ok,,4071,2880,269,0.26926149999962945
DVP_082_020a623627d7,Data/AcademicPosters/0_real/NeurIPS_2022_60029_Deep Neural Imputation_ A Framework for Recovering Incomplet.png,ok,,2500,1768,144,0.23740600000019185
DVP_083_020bcbf9555b,Data/Receipts/1_fake/receipt_0726.png,ok,,1023,1537,65,0.21493779999946128
DVP_084_020c57b53519,Data/Receipts/1_fake/receipt_0978.png,ok,,1024,1536,52,1.0086045999996713
DVP_085_02153df6c4ff,Data/Tables/0_real/PMC5905144_table_0.jpg,ok,,685,232,62,0.18791330000021844
DVP_086_021959f1cc95,Data/Receipts/0_real/X51007103688.jpg,ok,,842,1280,31,0.44974589999947057
DVP_087_021de251c037,Data/CommercialPosters/0_real/5b51f32200f9c6103ae8b3e5_preview.jpg,ok,,940,788,5,0.6114433000002464
DVP_088_021e6b7f3d69,Data/Receipts/0_real/X51008114216.jpg,ok,,936,1663,35,0.4222900999993726
DVP_089_022217b75e79,Data/CommercialPosters/0_real/5cdd82ea7d4459dfe1a5c7b9_preview.jpg,ok,,940,788,6,0.5992764000002353
DVP_090_022e6e2fb2a9,Data/Receipts/1_fake/receipt_0681.png,ok,,921,1707,57,0.3805381000001944
DVP_091_0232ea61c149,Data/AcademicPosters/1_fake/academic_poster_0968.png,ok,,1402,1122,182,0.6050393999994412
DVP_092_023f9b1d5afe,Data/UIScreenshots/1_fake/ui_0134.png,ok,,941,1672,59,0.409745799999655
DVP_093_02444e18871c,Data/InfographicCharts/1_fake/infographic_chart_0437.png,ok,,1402,1122,84,0.5860198999998829
DVP_094_0247d1ae6c06,Data/Tables/1_fake/table_1000.png,ok,,1536,1024,142,0.48296970000046713
DVP_095_02492978d021,Data/CommercialPosters/0_real/5b27b8f61eb1c99e2ab9474e_preview.jpg,ok,,940,788,2,0.5743779999993421
DVP_096_024ea845b456,Data/Receipts/0_real/X51005568829.jpg,ok,,936,1841,83,0.38433599999916623
DVP_097_02500044356e,Data/InfographicCharts/0_real/00016747.jpeg,ok,,960,684,34,0.5196262999997998
DVP_098_026c06614ebc,Data/Tables/1_fake/table_0483.png,ok,,1358,1158,183,0.7326223000000027
DVP_099_0275720d8098,Data/UIScreenshots/0_real/8592.jpg,ok,,540,960,21,0.4636372000004485
DVP_100_0275cd7b3eb8,Data/CommercialPosters/1_fake/commercial_poster_0315.png,ok,,1086,1448,42,0.5453594999999041
DVP_101_028675fa3647,Data/Receipts/0_real/X51006620186.jpg,ok,,888,2603,58,0.259897899999487
DVP_102_02928c727622,Data/CommercialPosters/0_real/5bf28e0d41fdeab19f9d2597_preview.jpg,ok,,1024,512,5,0.41246440000031726
DVP_103_02a4e6d7446a,Data/AcademicPosters/0_real/NeurIPS_2022_63439_Structured Priors for Disentangling Pathology and Anatomy in.png,ok,,2500,1666,189,0.5049887000004674
DVP_104_02b7f3ee0064,Data/CommercialPosters/0_real/5c373fba048d064dbc2a96ca_preview.jpg,ok,,1024,1024,3,0.757711800000834
DVP_105_02baf01caec4,Data/InfographicCharts/0_real/00014510.jpeg,ok,,1200,1200,25,0.7529914999995526
DVP_106_02beb0a67404,Data/InfographicCharts/0_real/00055388.jpg,ok,,1200,1202,61,0.7713411000004271
DVP_107_02c420df5932,Data/Receipts/0_real/X51005705784.jpg,ok,,787,2204,85,0.2899508999998943
DVP_108_02cc39f73e5d,Data/AcademicPosters/0_real/NeurIPS_2023_71807_Practical Differentially Private Hyperparameter Tuning with .png,ok,,3370,2383,195,0.5300702000004094
DVP_109_02cdf19a37bd,Data/Receipts/0_real/X51005676539.jpg,ok,,933,1861,58,0.3994784000005893
DVP_110_02ce358ab638,Data/UIScreenshots/0_real/8560.jpg,ok,,1080,1920,20,0.4139353000009578
DVP_111_02d2900ddb7d,Data/UIScreenshots/0_real/56610.jpg,ok,,1080,1920,22,0.46759560000100464
DVP_112_02e23210677c,Data/CommercialPosters/1_fake/commercial_poster_0288.png,ok,,1448,1086,27,0.5269325000008394
DVP_113_0301352ea55d,Data/CommercialPosters/1_fake/commercial_poster_0487.png,ok,,1448,1086,8,0.5885935000005702
DVP_114_0312b40955d7,Data/InfographicCharts/0_real/00027443.jpeg,ok,,1200,1200,22,0.749853000001167
DVP_115_0318c2e08df7,Data/Tables/1_fake/table_0487.png,ok,,1312,1199,139,0.7309069000002637
DVP_116_031ee141cbe8,Data/Tables/1_fake/table_0411.png,ok,,1312,1199,363,0.7432845999992423
DVP_117_0325723ec38b,Data/CommercialPosters/0_real/5ca7253923c829c8213e6cd2_preview.jpg,ok,,1024,576,8,0.483458900000187
DVP_118_038d09fb52e0,Data/AcademicPosters/0_real/ICLR_2023_13489_Understanding forest resilience to drought with Shapley valu.png,ok,,4200,2800,181,0.5094196000009106
DVP_119_03c8de266eae,Data/Tables/1_fake/table_0921.png,ok,,1402,1122,119,0.6067132999996829
DVP_120_042ba6e59683,Data/Tables/1_fake/table_0548.png,ok,,1314,1197,93,0.710723300000609
