scope,feature_group,feature,real_mean,fake_mean,cohen_d_fake_minus_real,absolute_cohen_d
pooled,quantity_only,region_count,69.55421686746988,72.15060240963855,0.04257308990410064,0.04257308990410064
pooled,quantity_only,union_coverage_norm,0.23564935201817547,0.1904452878931168,-0.5322871319249088,0.5322871319249088
pooled,quantity_only,sum_box_area_norm,0.23977247617178607,0.19160445191571937,-0.5506975686745494,0.5506975686745494
pooled,quantity_only,mean_box_area_norm,0.005565016935230628,0.00395969024594314,-0.4187802174869326,0.4187802174869326
pooled,quantity_only,median_box_area_norm,0.003561541064653586,0.002283339437470038,-0.559095666730565,0.559095666730565
pooled,quantity_only,std_box_area_norm,0.006352752527335862,0.005187254141352537,-0.1585714742837767,0.1585714742837767
pooled,quantity_only,mean_box_width_norm,0.17171101769638522,0.1411033801839507,-0.4143423108884751,0.4143423108884751
pooled,quantity_only,mean_box_height_norm,0.03158123621337035,0.025642245836523074,-0.44289379362590553,0.44289379362590553
pooled,quantity_only,mean_confidence,0.8713062661775773,0.8859200388822358,0.4870671437331108,0.4870671437331108
pooled,quantity_only,low_confidence_fraction,0.07375306718713938,0.04483693923615958,-0.3661714867965376,0.3661714867965376
pooled,arrangement_only,center_x_mean,0.4701302075087393,0.4898692461170395,0.21824192677139664,0.21824192677139664
pooled,arrangement_only,center_x_std,0.23652457424332202,0.24460872957789923,0.1510341729241431,0.1510341729241431
pooled,arrangement_only,center_y_mean,0.5124267509539843,0.5279050629226798,0.20459136282558402,0.20459136282558402
pooled,arrangement_only,center_y_std,0.23850550972398984,0.241779342733917,0.08274898434302418,0.08274898434302418
pooled,arrangement_only,center_x_span,0.7756759959146741,0.7849667381360961,0.05976677462957622,0.05976677462957622
pooled,arrangement_only,center_y_span,0.8443609620469803,0.8868392163399269,0.405799918662839,0.405799918662839
pooled,arrangement_only,nearest_neighbor_mean_norm,0.06260320881864585,0.05417279252823472,-0.2939042753792409,0.2939042753792409
pooled,arrangement_only,nearest_neighbor_median_norm,0.050656893747476256,0.043872341752053595,-0.28631497952284146,0.28631497952284146
pooled,arrangement_only,nearest_neighbor_std_norm,0.038971503667596025,0.032249406945256576,-0.24184191354576465,0.24184191354576465
pooled,arrangement_only,pairwise_distance_mean_norm,0.43432661111595716,0.4425941873545838,0.12304343185722166,0.12304343185722166
pooled,arrangement_only,pairwise_distance_std_norm,0.21784204635235013,0.221247166961441,0.09953585593164213,0.09953585593164213
pooled,arrangement_only,row_alignment_fraction,0.05966528801234653,0.05362186387840452,-0.1822239615234035,0.1822239615234035
pooled,arrangement_only,column_alignment_fraction,0.11638955071492561,0.10554845497232364,-0.13949751005668948,0.13949751005668948
pooled,arrangement_only,angle_mean_abs_deg,4.6406629618726525,4.840548088205188,0.03652885759685006,0.03652885759685006
pooled,arrangement_only,angle_std_deg,13.010907028291689,14.974606839601801,0.16396256801118847,0.16396256801118847
pooled,arrangement_only,rotated_fraction_gt_5deg,0.06556669647477903,0.06956398044895049,0.04748756882027134,0.04748756882027134
pooled,arrangement_only,center_grid_0_0,0.04791348215809185,0.04041939691538836,-0.14048172229043782,0.14048172229043782
pooled,arrangement_only,center_grid_0_1,0.06857607407082322,0.059852998757012874,-0.1966807612016898,0.1966807612016898
pooled,arrangement_only,center_grid_0_2,0.03605276357148449,0.03939879929936904,0.08252674487593853,0.08252674487593853
pooled,arrangement_only,center_grid_0_3,0.03240170824856469,0.029306432927967394,-0.07838842919035215,0.07838842919035215
pooled,arrangement_only,center_grid_1_0,0.07825463610966862,0.07711942067358125,-0.018609665257389402,0.018609665257389402
pooled,arrangement_only,center_grid_1_1,0.09130597487271266,0.07366572019362899,-0.2751611438309328,0.2751611438309328
pooled,arrangement_only,center_grid_1_2,0.06196024745423998,0.07769218954399798,0.24659169481153645,0.24659169481153645
pooled,arrangement_only,center_grid_1_3,0.062054572744376986,0.06785595309345215,0.10688427439277642,0.10688427439277642
pooled,arrangement_only,center_grid_2_0,0.07879035899764861,0.07699946393311415,-0.03110296465551667,0.03110296465551667
pooled,arrangement_only,center_grid_2_1,0.08395786037763323,0.06915845334155381,-0.2282345429738132,0.2282345429738132
pooled,arrangement_only,center_grid_2_2,0.06925733761380094,0.07192166956848839,0.04425221021830964,0.04425221021830964
pooled,arrangement_only,center_grid_2_3,0.06376030449517439,0.07755885938476635,0.23758992330215079,0.23758992330215079
pooled,arrangement_only,center_grid_3_0,0.060469809769110774,0.051178296942824886,-0.16389457551725473,0.16389457551725473
pooled,arrangement_only,center_grid_3_1,0.06752608540691236,0.07990532997612322,0.21274523211671226,0.21274523211671226
pooled,arrangement_only,center_grid_3_2,0.05397314483064775,0.05688470003316635,0.046116980657713164,0.046116980657713164
pooled,arrangement_only,center_grid_3_3,0.043745639279108926,0.051082315415564336,0.13536686907638049,0.13536686907638049
pooled,quantity_plus_arrangement,region_count,69.55421686746988,72.15060240963855,0.04257308990410064,0.04257308990410064
pooled,quantity_plus_arrangement,union_coverage_norm,0.23564935201817547,0.1904452878931168,-0.5322871319249088,0.5322871319249088
pooled,quantity_plus_arrangement,sum_box_area_norm,0.23977247617178607,0.19160445191571937,-0.5506975686745494,0.5506975686745494
pooled,quantity_plus_arrangement,mean_box_area_norm,0.005565016935230628,0.00395969024594314,-0.4187802174869326,0.4187802174869326
pooled,quantity_plus_arrangement,median_box_area_norm,0.003561541064653586,0.002283339437470038,-0.559095666730565,0.559095666730565
pooled,quantity_plus_arrangement,std_box_area_norm,0.006352752527335862,0.005187254141352537,-0.1585714742837767,0.1585714742837767
pooled,quantity_plus_arrangement,mean_box_width_norm,0.17171101769638522,0.1411033801839507,-0.4143423108884751,0.4143423108884751
pooled,quantity_plus_arrangement,mean_box_height_norm,0.03158123621337035,0.025642245836523074,-0.44289379362590553,0.44289379362590553
pooled,quantity_plus_arrangement,mean_confidence,0.8713062661775773,0.8859200388822358,0.4870671437331108,0.4870671437331108
pooled,quantity_plus_arrangement,low_confidence_fraction,0.07375306718713938,0.04483693923615958,-0.3661714867965376,0.3661714867965376
pooled,quantity_plus_arrangement,center_x_mean,0.4701302075087393,0.4898692461170395,0.21824192677139664,0.21824192677139664
pooled,quantity_plus_arrangement,center_x_std,0.23652457424332202,0.24460872957789923,0.1510341729241431,0.1510341729241431
pooled,quantity_plus_arrangement,center_y_mean,0.5124267509539843,0.5279050629226798,0.20459136282558402,0.20459136282558402
pooled,quantity_plus_arrangement,center_y_std,0.23850550972398984,0.241779342733917,0.08274898434302418,0.08274898434302418
pooled,quantity_plus_arrangement,center_x_span,0.7756759959146741,0.7849667381360961,0.05976677462957622,0.05976677462957622
pooled,quantity_plus_arrangement,center_y_span,0.8443609620469803,0.8868392163399269,0.405799918662839,0.405799918662839
pooled,quantity_plus_arrangement,nearest_neighbor_mean_norm,0.06260320881864585,0.05417279252823472,-0.2939042753792409,0.2939042753792409
pooled,quantity_plus_arrangement,nearest_neighbor_median_norm,0.050656893747476256,0.043872341752053595,-0.28631497952284146,0.28631497952284146
pooled,quantity_plus_arrangement,nearest_neighbor_std_norm,0.038971503667596025,0.032249406945256576,-0.24184191354576465,0.24184191354576465
pooled,quantity_plus_arrangement,pairwise_distance_mean_norm,0.43432661111595716,0.4425941873545838,0.12304343185722166,0.12304343185722166
pooled,quantity_plus_arrangement,pairwise_distance_std_norm,0.21784204635235013,0.221247166961441,0.09953585593164213,0.09953585593164213
pooled,quantity_plus_arrangement,row_alignment_fraction,0.05966528801234653,0.05362186387840452,-0.1822239615234035,0.1822239615234035
pooled,quantity_plus_arrangement,column_alignment_fraction,0.11638955071492561,0.10554845497232364,-0.13949751005668948,0.13949751005668948
pooled,quantity_plus_arrangement,angle_mean_abs_deg,4.6406629618726525,4.840548088205188,0.03652885759685006,0.03652885759685006
pooled,quantity_plus_arrangement,angle_std_deg,13.010907028291689,14.974606839601801,0.16396256801118847,0.16396256801118847
pooled,quantity_plus_arrangement,rotated_fraction_gt_5deg,0.06556669647477903,0.06956398044895049,0.04748756882027134,0.04748756882027134
pooled,quantity_plus_arrangement,center_grid_0_0,0.04791348215809185,0.04041939691538836,-0.14048172229043782,0.14048172229043782
pooled,quantity_plus_arrangement,center_grid_0_1,0.06857607407082322,0.059852998757012874,-0.1966807612016898,0.1966807612016898
pooled,quantity_plus_arrangement,center_grid_0_2,0.03605276357148449,0.03939879929936904,0.08252674487593853,0.08252674487593853
pooled,quantity_plus_arrangement,center_grid_0_3,0.03240170824856469,0.029306432927967394,-0.07838842919035215,0.07838842919035215
pooled,quantity_plus_arrangement,center_grid_1_0,0.07825463610966862,0.07711942067358125,-0.018609665257389402,0.018609665257389402
pooled,quantity_plus_arrangement,center_grid_1_1,0.09130597487271266,0.07366572019362899,-0.2751611438309328,0.2751611438309328
pooled,quantity_plus_arrangement,center_grid_1_2,0.06196024745423998,0.07769218954399798,0.24659169481153645,0.24659169481153645
pooled,quantity_plus_arrangement,center_grid_1_3,0.062054572744376986,0.06785595309345215,0.10688427439277642,0.10688427439277642
pooled,quantity_plus_arrangement,center_grid_2_0,0.07879035899764861,0.07699946393311415,-0.03110296465551667,0.03110296465551667
pooled,quantity_plus_arrangement,center_grid_2_1,0.08395786037763323,0.06915845334155381,-0.2282345429738132,0.2282345429738132
pooled,quantity_plus_arrangement,center_grid_2_2,0.06925733761380094,0.07192166956848839,0.04425221021830964,0.04425221021830964
pooled,quantity_plus_arrangement,center_grid_2_3,0.06376030449517439,0.07755885938476635,0.23758992330215079,0.23758992330215079
pooled,quantity_plus_arrangement,center_grid_3_0,0.060469809769110774,0.051178296942824886,-0.16389457551725473,0.16389457551725473
pooled,quantity_plus_arrangement,center_grid_3_1,0.06752608540691236,0.07990532997612322,0.21274523211671226,0.21274523211671226
pooled,quantity_plus_arrangement,center_grid_3_2,0.05397314483064775,0.05688470003316635,0.046116980657713164,0.046116980657713164
pooled,quantity_plus_arrangement,center_grid_3_3,0.043745639279108926,0.051082315415564336,0.13536686907638049,0.13536686907638049
AcademicPosters,quantity_only,region_count,193.03846153846155,193.73076923076923,0.01941682815660156,0.01941682815660156
AcademicPosters,quantity_only,union_coverage_norm,0.30322822261498206,0.21657670402952373,-1.537534699817219,1.537534699817219
AcademicPosters,quantity_only,sum_box_area_norm,0.3109014151197561,0.2187966220193098,-1.5598179383409374,1.5598179383409374
AcademicPosters,quantity_only,mean_box_area_norm,0.0016510106361399422,0.001155047908009581,-1.3169363217901462,1.3169363217901462
AcademicPosters,quantity_only,median_box_area_norm,0.0008668768370992385,0.0006736134391045577,-0.43100858017237004,0.43100858017237004
AcademicPosters,quantity_only,std_box_area_norm,0.0023173192487752807,0.0018633120905639463,-0.9429457150884352,0.9429457150884352
AcademicPosters,quantity_only,mean_box_width_norm,0.09884368405341963,0.07682708252897623,-0.8053887779005501,0.8053887779005501
AcademicPosters,quantity_only,mean_box_height_norm,0.016807017027502293,0.014987186808756619,-0.8418666635823339,0.8418666635823339
AcademicPosters,quantity_only,mean_confidence,0.818777124887914,0.858496270947881,2.3301771257957338,2.3301771257957338
AcademicPosters,quantity_only,low_confidence_fraction,0.23148819758411696,0.09486675855542587,-2.0886994556380856,2.0886994556380856
AcademicPosters,arrangement_only,center_x_mean,0.5392312381559646,0.501512616145882,-0.7312344216178918,0.7312344216178918
AcademicPosters,arrangement_only,center_x_std,0.2704902631162486,0.27621682620132937,0.2809896683634799,0.2809896683634799
AcademicPosters,arrangement_only,center_y_mean,0.5658115153603899,0.5676901484227361,0.041570133850281084,0.041570133850281084
AcademicPosters,arrangement_only,center_y_std,0.2426159070521422,0.24728432464404654,0.21896682288606736,0.21896682288606736
AcademicPosters,arrangement_only,center_x_span,0.9102794054206641,0.9152141264255508,0.19684830254268612,0.19684830254268612
AcademicPosters,arrangement_only,center_y_span,0.9317610507987611,0.9479898165118202,0.9265787816975326,0.9265787816975326
AcademicPosters,arrangement_only,nearest_neighbor_mean_norm,0.0270582608970504,0.026488154677275944,-0.16890123694033252,0.16890123694033252
AcademicPosters,arrangement_only,nearest_neighbor_median_norm,0.019641148924283033,0.021116581323171277,0.35678839110512,0.35678839110512
AcademicPosters,arrangement_only,nearest_neighbor_std_norm,0.019860102225510098,0.016708370572945067,-0.9069234458258859,0.9069234458258859
AcademicPosters,arrangement_only,pairwise_distance_mean_norm,0.45727296151214997,0.47186728914026776,0.4521167638345292,0.4521167638345292
AcademicPosters,arrangement_only,pairwise_distance_std_norm,0.23881773210594284,0.2325239759074586,-0.45043879935644743,0.45043879935644743
AcademicPosters,arrangement_only,row_alignment_fraction,0.06118017141299815,0.05275087874121398,-0.6596267605001376,0.6596267605001376
AcademicPosters,arrangement_only,column_alignment_fraction,0.06678060040661062,0.053751913726716186,-1.02510734116743,1.02510734116743
AcademicPosters,arrangement_only,angle_mean_abs_deg,4.4065858170226555,3.1996707757343263,-0.4542910197138486,0.4542910197138486
AcademicPosters,arrangement_only,angle_std_deg,16.50581160549913,14.716763009893823,-0.2722535181630736,0.2722535181630736
AcademicPosters,arrangement_only,rotated_fraction_gt_5deg,0.07885645196955932,0.05938799646387689,-0.497798990595793,0.497798990595793
AcademicPosters,arrangement_only,center_grid_0_0,0.03163248386775719,0.032726119528407434,0.0736512428196849,0.0736512428196849
AcademicPosters,arrangement_only,center_grid_0_1,0.03038818700879203,0.03258856176503887,0.1513293502040421,0.1513293502040421
AcademicPosters,arrangement_only,center_grid_0_2,0.02936824045541729,0.0323235384245567,0.15028391666755236,0.15028391666755236
AcademicPosters,arrangement_only,center_grid_0_3,0.03587656499731695,0.03835338889294009,0.08794753001102039,0.08794753001102039
AcademicPosters,arrangement_only,center_grid_1_0,0.05357141984566942,0.06384305054499205,0.479923339760424,0.479923339760424
AcademicPosters,arrangement_only,center_grid_1_1,0.05025682882643468,0.047169923495331514,-0.11574258863909025,0.11574258863909025
AcademicPosters,arrangement_only,center_grid_1_2,0.06601625257673065,0.06538022727489275,-0.017599605264473503,0.017599605264473503
AcademicPosters,arrangement_only,center_grid_1_3,0.10281191520316323,0.06421759793176553,-0.669469829743308,0.669469829743308
AcademicPosters,arrangement_only,center_grid_2_0,0.06728673608249289,0.08254150067765988,0.49290227505022893,0.49290227505022893
AcademicPosters,arrangement_only,center_grid_2_1,0.07102194897628356,0.07548214372426197,0.11457986853049275,0.11457986853049275
AcademicPosters,arrangement_only,center_grid_2_2,0.07783953211053343,0.10004698433673978,0.400255261421744,0.400255261421744
AcademicPosters,arrangement_only,center_grid_2_3,0.0908327171888308,0.08758215753727819,-0.06251335938121588,0.06251335938121588
AcademicPosters,arrangement_only,center_grid_3_0,0.07346536041483544,0.07327975401929396,-0.0043044318567070595,0.0043044318567070595
AcademicPosters,arrangement_only,center_grid_3_1,0.06619019533476303,0.07052920168400727,0.14051494661093145,0.14051494661093145
AcademicPosters,arrangement_only,center_grid_3_2,0.08193633826083582,0.07238869322215433,-0.15306249848140507,0.15306249848140507
AcademicPosters,arrangement_only,center_grid_3_3,0.07150527885014288,0.06154715694067893,-0.22028935865342456,0.22028935865342456
AcademicPosters,quantity_plus_arrangement,region_count,193.03846153846155,193.73076923076923,0.01941682815660156,0.01941682815660156
AcademicPosters,quantity_plus_arrangement,union_coverage_norm,0.30322822261498206,0.21657670402952373,-1.537534699817219,1.537534699817219
AcademicPosters,quantity_plus_arrangement,sum_box_area_norm,0.3109014151197561,0.2187966220193098,-1.5598179383409374,1.5598179383409374
AcademicPosters,quantity_plus_arrangement,mean_box_area_norm,0.0016510106361399422,0.001155047908009581,-1.3169363217901462,1.3169363217901462
AcademicPosters,quantity_plus_arrangement,median_box_area_norm,0.0008668768370992385,0.0006736134391045577,-0.43100858017237004,0.43100858017237004
AcademicPosters,quantity_plus_arrangement,std_box_area_norm,0.0023173192487752807,0.0018633120905639463,-0.9429457150884352,0.9429457150884352
AcademicPosters,quantity_plus_arrangement,mean_box_width_norm,0.09884368405341963,0.07682708252897623,-0.8053887779005501,0.8053887779005501
AcademicPosters,quantity_plus_arrangement,mean_box_height_norm,0.016807017027502293,0.014987186808756619,-0.8418666635823339,0.8418666635823339
AcademicPosters,quantity_plus_arrangement,mean_confidence,0.818777124887914,0.858496270947881,2.3301771257957338,2.3301771257957338
AcademicPosters,quantity_plus_arrangement,low_confidence_fraction,0.23148819758411696,0.09486675855542587,-2.0886994556380856,2.0886994556380856
AcademicPosters,quantity_plus_arrangement,center_x_mean,0.5392312381559646,0.501512616145882,-0.7312344216178918,0.7312344216178918
AcademicPosters,quantity_plus_arrangement,center_x_std,0.2704902631162486,0.27621682620132937,0.2809896683634799,0.2809896683634799
AcademicPosters,quantity_plus_arrangement,center_y_mean,0.5658115153603899,0.5676901484227361,0.041570133850281084,0.041570133850281084
AcademicPosters,quantity_plus_arrangement,center_y_std,0.2426159070521422,0.24728432464404654,0.21896682288606736,0.21896682288606736
AcademicPosters,quantity_plus_arrangement,center_x_span,0.9102794054206641,0.9152141264255508,0.19684830254268612,0.19684830254268612
AcademicPosters,quantity_plus_arrangement,center_y_span,0.9317610507987611,0.9479898165118202,0.9265787816975326,0.9265787816975326
AcademicPosters,quantity_plus_arrangement,nearest_neighbor_mean_norm,0.0270582608970504,0.026488154677275944,-0.16890123694033252,0.16890123694033252
AcademicPosters,quantity_plus_arrangement,nearest_neighbor_median_norm,0.019641148924283033,0.021116581323171277,0.35678839110512,0.35678839110512
AcademicPosters,quantity_plus_arrangement,nearest_neighbor_std_norm,0.019860102225510098,0.016708370572945067,-0.9069234458258859,0.9069234458258859
AcademicPosters,quantity_plus_arrangement,pairwise_distance_mean_norm,0.45727296151214997,0.47186728914026776,0.4521167638345292,0.4521167638345292
AcademicPosters,quantity_plus_arrangement,pairwise_distance_std_norm,0.23881773210594284,0.2325239759074586,-0.45043879935644743,0.45043879935644743
AcademicPosters,quantity_plus_arrangement,row_alignment_fraction,0.06118017141299815,0.05275087874121398,-0.6596267605001376,0.6596267605001376
AcademicPosters,quantity_plus_arrangement,column_alignment_fraction,0.06678060040661062,0.053751913726716186,-1.02510734116743,1.02510734116743
AcademicPosters,quantity_plus_arrangement,angle_mean_abs_deg,4.4065858170226555,3.1996707757343263,-0.4542910197138486,0.4542910197138486
AcademicPosters,quantity_plus_arrangement,angle_std_deg,16.50581160549913,14.716763009893823,-0.2722535181630736,0.2722535181630736
AcademicPosters,quantity_plus_arrangement,rotated_fraction_gt_5deg,0.07885645196955932,0.05938799646387689,-0.497798990595793,0.497798990595793
AcademicPosters,quantity_plus_arrangement,center_grid_0_0,0.03163248386775719,0.032726119528407434,0.0736512428196849,0.0736512428196849
AcademicPosters,quantity_plus_arrangement,center_grid_0_1,0.03038818700879203,0.03258856176503887,0.1513293502040421,0.1513293502040421
AcademicPosters,quantity_plus_arrangement,center_grid_0_2,0.02936824045541729,0.0323235384245567,0.15028391666755236,0.15028391666755236
AcademicPosters,quantity_plus_arrangement,center_grid_0_3,0.03587656499731695,0.03835338889294009,0.08794753001102039,0.08794753001102039
AcademicPosters,quantity_plus_arrangement,center_grid_1_0,0.05357141984566942,0.06384305054499205,0.479923339760424,0.479923339760424
AcademicPosters,quantity_plus_arrangement,center_grid_1_1,0.05025682882643468,0.047169923495331514,-0.11574258863909025,0.11574258863909025
AcademicPosters,quantity_plus_arrangement,center_grid_1_2,0.06601625257673065,0.06538022727489275,-0.017599605264473503,0.017599605264473503
AcademicPosters,quantity_plus_arrangement,center_grid_1_3,0.10281191520316323,0.06421759793176553,-0.669469829743308,0.669469829743308
AcademicPosters,quantity_plus_arrangement,center_grid_2_0,0.06728673608249289,0.08254150067765988,0.49290227505022893,0.49290227505022893
AcademicPosters,quantity_plus_arrangement,center_grid_2_1,0.07102194897628356,0.07548214372426197,0.11457986853049275,0.11457986853049275
AcademicPosters,quantity_plus_arrangement,center_grid_2_2,0.07783953211053343,0.10004698433673978,0.400255261421744,0.400255261421744
AcademicPosters,quantity_plus_arrangement,center_grid_2_3,0.0908327171888308,0.08758215753727819,-0.06251335938121588,0.06251335938121588
AcademicPosters,quantity_plus_arrangement,center_grid_3_0,0.07346536041483544,0.07327975401929396,-0.0043044318567070595,0.0043044318567070595
AcademicPosters,quantity_plus_arrangement,center_grid_3_1,0.06619019533476303,0.07052920168400727,0.14051494661093145,0.14051494661093145
AcademicPosters,quantity_plus_arrangement,center_grid_3_2,0.08193633826083582,0.07238869322215433,-0.15306249848140507,0.15306249848140507
AcademicPosters,quantity_plus_arrangement,center_grid_3_3,0.07150527885014288,0.06154715694067893,-0.22028935865342456,0.22028935865342456
CommercialPosters,quantity_only,region_count,12.05,22.05,1.6802944841481364,1.6802944841481364
CommercialPosters,quantity_only,union_coverage_norm,0.13109503656520555,0.15719712939995106,0.48609134618316274,0.48609134618316274
CommercialPosters,quantity_only,sum_box_area_norm,0.1319208967300081,0.16170810631034865,0.5410953905890851,0.5410953905890851
CommercialPosters,quantity_only,mean_box_area_norm,0.01298505388661014,0.008056886609911044,-0.7660471616581992,0.7660471616581992
CommercialPosters,quantity_only,median_box_area_norm,0.006583004626652271,0.0026670272325834054,-1.1003252440485423,1.1003252440485423
CommercialPosters,quantity_only,std_box_area_norm,0.01624847640820915,0.015838502821375288,-0.033986945396045874,0.033986945396045874
CommercialPosters,quantity_only,mean_box_width_norm,0.21625496033739827,0.13298037552465203,-1.5336129524014432,1.5336129524014432
CommercialPosters,quantity_only,mean_box_height_norm,0.05145039787778309,0.042169185745235205,-0.5152368252148729,0.5152368252148729
CommercialPosters,quantity_only,mean_confidence,0.8774378190995075,0.8658934761616927,-0.4392849172864342,0.4392849172864342
CommercialPosters,quantity_only,low_confidence_fraction,0.05951314616755793,0.0675367226101847,0.09912254299237966,0.09912254299237966
CommercialPosters,arrangement_only,center_x_mean,0.442055683967583,0.52278975587459,0.4782631953522528,0.4782631953522528
CommercialPosters,arrangement_only,center_x_std,0.1557136859920633,0.16982698101409546,0.18764773920636743,0.18764773920636743
CommercialPosters,arrangement_only,center_y_mean,0.5425761155154583,0.6364766896273009,0.8036032610598434,0.8036032610598434
CommercialPosters,arrangement_only,center_y_std,0.23152960323529975,0.2188584347746187,-0.2560549314781683,0.2560549314781683
CommercialPosters,arrangement_only,center_x_span,0.5146493835083242,0.5829975522355498,0.28306859800484746,0.28306859800484746
CommercialPosters,arrangement_only,center_y_span,0.694063561041847,0.7531866569702818,0.3780780599061377,0.3780780599061377
CommercialPosters,arrangement_only,nearest_neighbor_mean_norm,0.10762419531658593,0.0647599069431826,-1.2298429936463087,1.2298429936463087
CommercialPosters,arrangement_only,nearest_neighbor_median_norm,0.07873145407780927,0.047708047527063896,-1.1093534065605342,1.1093534065605342
CommercialPosters,arrangement_only,nearest_neighbor_std_norm,0.08055208623668003,0.04953643775588158,-0.7067618481218452,0.7067618481218452
CommercialPosters,arrangement_only,pairwise_distance_mean_norm,0.37467080564326705,0.35170902590571296,-0.27151600071360077,0.27151600071360077
CommercialPosters,arrangement_only,pairwise_distance_std_norm,0.19985724093829232,0.20982154551299295,0.19548683675471548,0.19548683675471548
CommercialPosters,arrangement_only,row_alignment_fraction,0.0763926035601227,0.09740443325799696,0.43605861465683,0.43605861465683
CommercialPosters,arrangement_only,column_alignment_fraction,0.19573106010925698,0.13545030687593612,-0.34144464073194974,0.34144464073194974
CommercialPosters,arrangement_only,angle_mean_abs_deg,4.803855407592776,4.455226546072014,-0.057627674370997264,0.057627674370997264
CommercialPosters,arrangement_only,angle_std_deg,11.954553809680922,10.267280248672714,-0.12764222736008335,0.12764222736008335
CommercialPosters,arrangement_only,rotated_fraction_gt_5deg,0.06924725193107545,0.1322509258999029,0.37150139363003537,0.37150139363003537
CommercialPosters,arrangement_only,center_grid_0_0,0.0625,0.0291518497605454,-0.364549569006114,0.364549569006114
CommercialPosters,arrangement_only,center_grid_0_1,0.04948051948051947,0.018666666666666658,-0.6576241731633333,0.6576241731633333
CommercialPosters,arrangement_only,center_grid_0_2,0.0455667701863354,0.03205314582168801,-0.21119137570112,0.21119137570112
CommercialPosters,arrangement_only,center_grid_0_3,0.03693181818181818,0.016224187742729934,-0.29943094960844974,0.29943094960844974
CommercialPosters,arrangement_only,center_grid_1_0,0.08526334776334775,0.044614755614755607,-0.35704882808697735,0.35704882808697735
CommercialPosters,arrangement_only,center_grid_1_1,0.08543219923015319,0.04763944583681425,-0.4524618889294772,0.4524618889294772
CommercialPosters,arrangement_only,center_grid_1_2,0.028396739130434778,0.07392231418765945,0.5975988511395921,0.5975988511395921
CommercialPosters,arrangement_only,center_grid_1_3,0.033653381642512074,0.037907010555987525,0.07737672052587971,0.07737672052587971
CommercialPosters,arrangement_only,center_grid_2_0,0.06087662337662336,0.05879938558646998,-0.021765487023078095,0.021765487023078095
CommercialPosters,arrangement_only,center_grid_2_1,0.11544054907865646,0.06639990257943548,-0.37557605666369476,0.37557605666369476
CommercialPosters,arrangement_only,center_grid_2_2,0.06436650022327771,0.0850452815656746,0.224015249975183,0.224015249975183
CommercialPosters,arrangement_only,center_grid_2_3,0.02364953886693017,0.05464863977325276,0.41602225527162107,0.41602225527162107
CommercialPosters,arrangement_only,center_grid_3_0,0.07758164629488158,0.09388727150939427,0.15060312453760222,0.15060312453760222
CommercialPosters,arrangement_only,center_grid_3_1,0.09430375180375179,0.08391706632957137,-0.08064825598903956,0.08064825598903956
CommercialPosters,arrangement_only,center_grid_3_2,0.09106653629831378,0.13451831784100593,0.39399441635788895,0.39399441635788895
CommercialPosters,arrangement_only,center_grid_3_3,0.04549007844244417,0.1226047586283486,0.7826140951480671,0.7826140951480671
CommercialPosters,quantity_plus_arrangement,region_count,12.05,22.05,1.6802944841481364,1.6802944841481364
CommercialPosters,quantity_plus_arrangement,union_coverage_norm,0.13109503656520555,0.15719712939995106,0.48609134618316274,0.48609134618316274
CommercialPosters,quantity_plus_arrangement,sum_box_area_norm,0.1319208967300081,0.16170810631034865,0.5410953905890851,0.5410953905890851
CommercialPosters,quantity_plus_arrangement,mean_box_area_norm,0.01298505388661014,0.008056886609911044,-0.7660471616581992,0.7660471616581992
CommercialPosters,quantity_plus_arrangement,median_box_area_norm,0.006583004626652271,0.0026670272325834054,-1.1003252440485423,1.1003252440485423
CommercialPosters,quantity_plus_arrangement,std_box_area_norm,0.01624847640820915,0.015838502821375288,-0.033986945396045874,0.033986945396045874
CommercialPosters,quantity_plus_arrangement,mean_box_width_norm,0.21625496033739827,0.13298037552465203,-1.5336129524014432,1.5336129524014432
CommercialPosters,quantity_plus_arrangement,mean_box_height_norm,0.05145039787778309,0.042169185745235205,-0.5152368252148729,0.5152368252148729
CommercialPosters,quantity_plus_arrangement,mean_confidence,0.8774378190995075,0.8658934761616927,-0.4392849172864342,0.4392849172864342
CommercialPosters,quantity_plus_arrangement,low_confidence_fraction,0.05951314616755793,0.0675367226101847,0.09912254299237966,0.09912254299237966
CommercialPosters,quantity_plus_arrangement,center_x_mean,0.442055683967583,0.52278975587459,0.4782631953522528,0.4782631953522528
CommercialPosters,quantity_plus_arrangement,center_x_std,0.1557136859920633,0.16982698101409546,0.18764773920636743,0.18764773920636743
CommercialPosters,quantity_plus_arrangement,center_y_mean,0.5425761155154583,0.6364766896273009,0.8036032610598434,0.8036032610598434
CommercialPosters,quantity_plus_arrangement,center_y_std,0.23152960323529975,0.2188584347746187,-0.2560549314781683,0.2560549314781683
CommercialPosters,quantity_plus_arrangement,center_x_span,0.5146493835083242,0.5829975522355498,0.28306859800484746,0.28306859800484746
CommercialPosters,quantity_plus_arrangement,center_y_span,0.694063561041847,0.7531866569702818,0.3780780599061377,0.3780780599061377
CommercialPosters,quantity_plus_arrangement,nearest_neighbor_mean_norm,0.10762419531658593,0.0647599069431826,-1.2298429936463087,1.2298429936463087
CommercialPosters,quantity_plus_arrangement,nearest_neighbor_median_norm,0.07873145407780927,0.047708047527063896,-1.1093534065605342,1.1093534065605342
CommercialPosters,quantity_plus_arrangement,nearest_neighbor_std_norm,0.08055208623668003,0.04953643775588158,-0.7067618481218452,0.7067618481218452
CommercialPosters,quantity_plus_arrangement,pairwise_distance_mean_norm,0.37467080564326705,0.35170902590571296,-0.27151600071360077,0.27151600071360077
CommercialPosters,quantity_plus_arrangement,pairwise_distance_std_norm,0.19985724093829232,0.20982154551299295,0.19548683675471548,0.19548683675471548
CommercialPosters,quantity_plus_arrangement,row_alignment_fraction,0.0763926035601227,0.09740443325799696,0.43605861465683,0.43605861465683
CommercialPosters,quantity_plus_arrangement,column_alignment_fraction,0.19573106010925698,0.13545030687593612,-0.34144464073194974,0.34144464073194974
CommercialPosters,quantity_plus_arrangement,angle_mean_abs_deg,4.803855407592776,4.455226546072014,-0.057627674370997264,0.057627674370997264
CommercialPosters,quantity_plus_arrangement,angle_std_deg,11.954553809680922,10.267280248672714,-0.12764222736008335,0.12764222736008335
CommercialPosters,quantity_plus_arrangement,rotated_fraction_gt_5deg,0.06924725193107545,0.1322509258999029,0.37150139363003537,0.37150139363003537
CommercialPosters,quantity_plus_arrangement,center_grid_0_0,0.0625,0.0291518497605454,-0.364549569006114,0.364549569006114
CommercialPosters,quantity_plus_arrangement,center_grid_0_1,0.04948051948051947,0.018666666666666658,-0.6576241731633333,0.6576241731633333
CommercialPosters,quantity_plus_arrangement,center_grid_0_2,0.0455667701863354,0.03205314582168801,-0.21119137570112,0.21119137570112
CommercialPosters,quantity_plus_arrangement,center_grid_0_3,0.03693181818181818,0.016224187742729934,-0.29943094960844974,0.29943094960844974
CommercialPosters,quantity_plus_arrangement,center_grid_1_0,0.08526334776334775,0.044614755614755607,-0.35704882808697735,0.35704882808697735
CommercialPosters,quantity_plus_arrangement,center_grid_1_1,0.08543219923015319,0.04763944583681425,-0.4524618889294772,0.4524618889294772
CommercialPosters,quantity_plus_arrangement,center_grid_1_2,0.028396739130434778,0.07392231418765945,0.5975988511395921,0.5975988511395921
CommercialPosters,quantity_plus_arrangement,center_grid_1_3,0.033653381642512074,0.037907010555987525,0.07737672052587971,0.07737672052587971
CommercialPosters,quantity_plus_arrangement,center_grid_2_0,0.06087662337662336,0.05879938558646998,-0.021765487023078095,0.021765487023078095
CommercialPosters,quantity_plus_arrangement,center_grid_2_1,0.11544054907865646,0.06639990257943548,-0.37557605666369476,0.37557605666369476
CommercialPosters,quantity_plus_arrangement,center_grid_2_2,0.06436650022327771,0.0850452815656746,0.224015249975183,0.224015249975183
CommercialPosters,quantity_plus_arrangement,center_grid_2_3,0.02364953886693017,0.05464863977325276,0.41602225527162107,0.41602225527162107
CommercialPosters,quantity_plus_arrangement,center_grid_3_0,0.07758164629488158,0.09388727150939427,0.15060312453760222,0.15060312453760222
CommercialPosters,quantity_plus_arrangement,center_grid_3_1,0.09430375180375179,0.08391706632957137,-0.08064825598903956,0.08064825598903956
CommercialPosters,quantity_plus_arrangement,center_grid_3_2,0.09106653629831378,0.13451831784100593,0.39399441635788895,0.39399441635788895
CommercialPosters,quantity_plus_arrangement,center_grid_3_3,0.04549007844244417,0.1226047586283486,0.7826140951480671,0.7826140951480671
InfographicCharts,quantity_only,region_count,42.241379310344826,44.0,0.17413990845415023,0.17413990845415023
InfographicCharts,quantity_only,union_coverage_norm,0.2321453723200386,0.16394002860600723,-0.8187867163923094,0.8187867163923094
InfographicCharts,quantity_only,sum_box_area_norm,0.23532993903641203,0.16470090522371175,-0.8015837062635135,0.8015837062635135
InfographicCharts,quantity_only,mean_box_area_norm,0.005858914292194772,0.003901092871424407,-0.8527954369463193,0.8527954369463193
InfographicCharts,quantity_only,median_box_area_norm,0.003408190477758192,0.002008858211887531,-0.8753033163212774,0.8753033163212774
InfographicCharts,quantity_only,std_box_area_norm,0.00920738531538847,0.006428880015841662,-0.27199594620813344,0.27199594620813344
InfographicCharts,quantity_only,mean_box_width_norm,0.1512561744876747,0.1297219233605712,-0.4659810802967488,0.4659810802967488
InfographicCharts,quantity_only,mean_box_height_norm,0.03502395534327663,0.02895649445099425,-1.1666248749777715,1.1666248749777715
InfographicCharts,quantity_only,mean_confidence,0.8882214466866019,0.8810219415003308,-0.3935703671208277,0.3935703671208277
InfographicCharts,quantity_only,low_confidence_fraction,0.03597399011834709,0.048604558955200265,0.28034974800562396,0.28034974800562396
InfographicCharts,arrangement_only,center_x_mean,0.4397209633477909,0.4607798599310844,0.3182952864468808,0.3182952864468808
InfographicCharts,arrangement_only,center_x_std,0.261273808636997,0.26027696075721424,-0.026794495553475853,0.026794495553475853
InfographicCharts,arrangement_only,center_y_mean,0.5114688759489977,0.5266613230140483,0.23455788677370318,0.23455788677370318
InfographicCharts,arrangement_only,center_y_std,0.2565367969046765,0.26177892475752196,0.24008886974790536,0.24008886974790536
InfographicCharts,arrangement_only,center_x_span,0.8418035156273236,0.8203232894235822,-0.33699458214465666,0.33699458214465666
InfographicCharts,arrangement_only,center_y_span,0.8869272368641629,0.9036089727140716,0.567713663714531,0.567713663714531
InfographicCharts,arrangement_only,nearest_neighbor_mean_norm,0.07271483214072852,0.06255251593180847,-0.6449485851111442,0.6449485851111442
InfographicCharts,arrangement_only,nearest_neighbor_median_norm,0.06262180881430487,0.0543065011850948,-0.4615332252432075,0.4615332252432075
InfographicCharts,arrangement_only,nearest_neighbor_std_norm,0.04185192874109488,0.033640371060163085,-0.5403687721226684,0.5403687721226684
InfographicCharts,arrangement_only,pairwise_distance_mean_norm,0.4711236254373949,0.4770667009741462,0.14920889600051335,0.14920889600051335
InfographicCharts,arrangement_only,pairwise_distance_std_norm,0.23371129516005246,0.23190063076605216,-0.0897206601643721,0.0897206601643721
InfographicCharts,arrangement_only,row_alignment_fraction,0.05582138453604961,0.05386029332644731,-0.0868572887406598,0.0868572887406598
InfographicCharts,arrangement_only,column_alignment_fraction,0.0934549726078077,0.0937314154749357,0.005982439073011104,0.005982439073011104
InfographicCharts,arrangement_only,angle_mean_abs_deg,2.4895665356813,4.692474774719677,0.422192542241028,0.422192542241028
InfographicCharts,arrangement_only,angle_std_deg,8.762302779228087,13.318270582590687,0.39635267107103245,0.39635267107103245
InfographicCharts,arrangement_only,rotated_fraction_gt_5deg,0.03237825359640985,0.05935955808316255,0.4327200646541455,0.4327200646541455
InfographicCharts,arrangement_only,center_grid_0_0,0.048338842572286905,0.03973962091600996,-0.22380264614036657,0.22380264614036657
InfographicCharts,arrangement_only,center_grid_0_1,0.0768093542476865,0.08387093668842044,0.15688698747448618,0.15688698747448618
InfographicCharts,arrangement_only,center_grid_0_2,0.04209666784351928,0.058068035747425084,0.37934862911604805,0.37934862911604805
InfographicCharts,arrangement_only,center_grid_0_3,0.032275509257243415,0.018731785951240896,-0.4391529532306921,0.4391529532306921
InfographicCharts,arrangement_only,center_grid_1_0,0.10083472110731921,0.09784937905019873,-0.046735539393149,0.046735539393149
InfographicCharts,arrangement_only,center_grid_1_1,0.0737263526316565,0.05122227824835437,-0.436529017184346,0.436529017184346
InfographicCharts,arrangement_only,center_grid_1_2,0.0665682871924987,0.043765503463139996,-0.4472853311724482,0.4472853311724482
InfographicCharts,arrangement_only,center_grid_1_3,0.06520822273560281,0.06710348851645662,0.031576610289004776,0.031576610289004776
InfographicCharts,arrangement_only,center_grid_2_0,0.08166711814045508,0.1052158566979201,0.39728120608839973,0.39728120608839973
InfographicCharts,arrangement_only,center_grid_2_1,0.06190467451651872,0.0497559016972067,-0.24010357386416725,0.24010357386416725
InfographicCharts,arrangement_only,center_grid_2_2,0.055714761558132965,0.053052991396998775,-0.05695264191817515,0.05695264191817515
InfographicCharts,arrangement_only,center_grid_2_3,0.03906361535575132,0.07029593359843281,0.574965839262552,0.574965839262552
InfographicCharts,arrangement_only,center_grid_3_0,0.09243703129675226,0.04253059587154701,-1.0828254438002411,1.0828254438002411
InfographicCharts,arrangement_only,center_grid_3_1,0.06721160694030516,0.08414209872822158,0.46958793366782564,0.46958793366782564
InfographicCharts,arrangement_only,center_grid_3_2,0.04401003891783063,0.07416986439067677,0.7736233854842017,0.7736233854842017
InfographicCharts,arrangement_only,center_grid_3_3,0.05213319568644008,0.06048572903774975,0.19303124259424473,0.19303124259424473
InfographicCharts,quantity_plus_arrangement,region_count,42.241379310344826,44.0,0.17413990845415023,0.17413990845415023
InfographicCharts,quantity_plus_arrangement,union_coverage_norm,0.2321453723200386,0.16394002860600723,-0.8187867163923094,0.8187867163923094
InfographicCharts,quantity_plus_arrangement,sum_box_area_norm,0.23532993903641203,0.16470090522371175,-0.8015837062635135,0.8015837062635135
InfographicCharts,quantity_plus_arrangement,mean_box_area_norm,0.005858914292194772,0.003901092871424407,-0.8527954369463193,0.8527954369463193
InfographicCharts,quantity_plus_arrangement,median_box_area_norm,0.003408190477758192,0.002008858211887531,-0.8753033163212774,0.8753033163212774
InfographicCharts,quantity_plus_arrangement,std_box_area_norm,0.00920738531538847,0.006428880015841662,-0.27199594620813344,0.27199594620813344
InfographicCharts,quantity_plus_arrangement,mean_box_width_norm,0.1512561744876747,0.1297219233605712,-0.4659810802967488,0.4659810802967488
InfographicCharts,quantity_plus_arrangement,mean_box_height_norm,0.03502395534327663,0.02895649445099425,-1.1666248749777715,1.1666248749777715
InfographicCharts,quantity_plus_arrangement,mean_confidence,0.8882214466866019,0.8810219415003308,-0.3935703671208277,0.3935703671208277
InfographicCharts,quantity_plus_arrangement,low_confidence_fraction,0.03597399011834709,0.048604558955200265,0.28034974800562396,0.28034974800562396
InfographicCharts,quantity_plus_arrangement,center_x_mean,0.4397209633477909,0.4607798599310844,0.3182952864468808,0.3182952864468808
InfographicCharts,quantity_plus_arrangement,center_x_std,0.261273808636997,0.26027696075721424,-0.026794495553475853,0.026794495553475853
InfographicCharts,quantity_plus_arrangement,center_y_mean,0.5114688759489977,0.5266613230140483,0.23455788677370318,0.23455788677370318
InfographicCharts,quantity_plus_arrangement,center_y_std,0.2565367969046765,0.26177892475752196,0.24008886974790536,0.24008886974790536
InfographicCharts,quantity_plus_arrangement,center_x_span,0.8418035156273236,0.8203232894235822,-0.33699458214465666,0.33699458214465666
InfographicCharts,quantity_plus_arrangement,center_y_span,0.8869272368641629,0.9036089727140716,0.567713663714531,0.567713663714531
InfographicCharts,quantity_plus_arrangement,nearest_neighbor_mean_norm,0.07271483214072852,0.06255251593180847,-0.6449485851111442,0.6449485851111442
InfographicCharts,quantity_plus_arrangement,nearest_neighbor_median_norm,0.06262180881430487,0.0543065011850948,-0.4615332252432075,0.4615332252432075
InfographicCharts,quantity_plus_arrangement,nearest_neighbor_std_norm,0.04185192874109488,0.033640371060163085,-0.5403687721226684,0.5403687721226684
InfographicCharts,quantity_plus_arrangement,pairwise_distance_mean_norm,0.4711236254373949,0.4770667009741462,0.14920889600051335,0.14920889600051335
InfographicCharts,quantity_plus_arrangement,pairwise_distance_std_norm,0.23371129516005246,0.23190063076605216,-0.0897206601643721,0.0897206601643721
InfographicCharts,quantity_plus_arrangement,row_alignment_fraction,0.05582138453604961,0.05386029332644731,-0.0868572887406598,0.0868572887406598
InfographicCharts,quantity_plus_arrangement,column_alignment_fraction,0.0934549726078077,0.0937314154749357,0.005982439073011104,0.005982439073011104
InfographicCharts,quantity_plus_arrangement,angle_mean_abs_deg,2.4895665356813,4.692474774719677,0.422192542241028,0.422192542241028
InfographicCharts,quantity_plus_arrangement,angle_std_deg,8.762302779228087,13.318270582590687,0.39635267107103245,0.39635267107103245
InfographicCharts,quantity_plus_arrangement,rotated_fraction_gt_5deg,0.03237825359640985,0.05935955808316255,0.4327200646541455,0.4327200646541455
InfographicCharts,quantity_plus_arrangement,center_grid_0_0,0.048338842572286905,0.03973962091600996,-0.22380264614036657,0.22380264614036657
InfographicCharts,quantity_plus_arrangement,center_grid_0_1,0.0768093542476865,0.08387093668842044,0.15688698747448618,0.15688698747448618
InfographicCharts,quantity_plus_arrangement,center_grid_0_2,0.04209666784351928,0.058068035747425084,0.37934862911604805,0.37934862911604805
InfographicCharts,quantity_plus_arrangement,center_grid_0_3,0.032275509257243415,0.018731785951240896,-0.4391529532306921,0.4391529532306921
InfographicCharts,quantity_plus_arrangement,center_grid_1_0,0.10083472110731921,0.09784937905019873,-0.046735539393149,0.046735539393149
InfographicCharts,quantity_plus_arrangement,center_grid_1_1,0.0737263526316565,0.05122227824835437,-0.436529017184346,0.436529017184346
InfographicCharts,quantity_plus_arrangement,center_grid_1_2,0.0665682871924987,0.043765503463139996,-0.4472853311724482,0.4472853311724482
InfographicCharts,quantity_plus_arrangement,center_grid_1_3,0.06520822273560281,0.06710348851645662,0.031576610289004776,0.031576610289004776
InfographicCharts,quantity_plus_arrangement,center_grid_2_0,0.08166711814045508,0.1052158566979201,0.39728120608839973,0.39728120608839973
InfographicCharts,quantity_plus_arrangement,center_grid_2_1,0.06190467451651872,0.0497559016972067,-0.24010357386416725,0.24010357386416725
InfographicCharts,quantity_plus_arrangement,center_grid_2_2,0.055714761558132965,0.053052991396998775,-0.05695264191817515,0.05695264191817515
InfographicCharts,quantity_plus_arrangement,center_grid_2_3,0.03906361535575132,0.07029593359843281,0.574965839262552,0.574965839262552
InfographicCharts,quantity_plus_arrangement,center_grid_3_0,0.09243703129675226,0.04253059587154701,-1.0828254438002411,1.0828254438002411
InfographicCharts,quantity_plus_arrangement,center_grid_3_1,0.06721160694030516,0.08414209872822158,0.46958793366782564,0.46958793366782564
InfographicCharts,quantity_plus_arrangement,center_grid_3_2,0.04401003891783063,0.07416986439067677,0.7736233854842017,0.7736233854842017
InfographicCharts,quantity_plus_arrangement,center_grid_3_3,0.05213319568644008,0.06048572903774975,0.19303124259424473,0.19303124259424473
Receipts,quantity_only,region_count,55.189189189189186,55.351351351351354,0.014993580945695372,0.014993580945695372
Receipts,quantity_only,union_coverage_norm,0.2678669896025605,0.21776544602578676,-0.7460182298188276,0.7460182298188276
Receipts,quantity_only,sum_box_area_norm,0.27246982514787066,0.21790933548072453,-0.7990409757180137,0.7990409757180137
Receipts,quantity_only,mean_box_area_norm,0.005055346750257953,0.0040191420945607376,-0.7772252554676684,0.7772252554676684
Receipts,quantity_only,median_box_area_norm,0.003780746233853078,0.0027962347230537673,-0.8067117566062423,0.8067117566062423
Receipts,quantity_only,std_box_area_norm,0.003910681685408994,0.003365835221353094,-0.4950209344586033,0.4950209344586033
Receipts,quantity_only,mean_box_width_norm,0.24219571831839803,0.18041395410815286,-1.1119397984389794,1.1119397984389794
Receipts,quantity_only,mean_box_height_norm,0.021413338133944432,0.021972786368103413,0.17154384941739007,0.17154384941739007
Receipts,quantity_only,mean_confidence,0.8862948795434733,0.9088043339165852,1.1674198293951439,1.1674198293951439
Receipts,quantity_only,low_confidence_fraction,0.018014643818365695,0.006327920025979483,-0.6100204972970578,0.6100204972970578
Receipts,arrangement_only,center_x_mean,0.46826214485750894,0.5049918133180074,0.793454571145777,0.793454571145777
Receipts,arrangement_only,center_x_std,0.21251156792803683,0.22360440402441067,0.29711220899207796,0.29711220899207796
Receipts,arrangement_only,center_y_mean,0.520086779194586,0.4848508179552268,-0.7331768984942965,0.7331768984942965
Receipts,arrangement_only,center_y_std,0.2053282563554145,0.2041584144810456,-0.046452674564109286,0.046452674564109286
Receipts,arrangement_only,center_x_span,0.7045412946130645,0.7005351107035135,-0.03458704498554343,0.03458704498554343
Receipts,arrangement_only,center_y_span,0.7976309946364271,0.8666305250997818,0.740358935557049,0.740358935557049
Receipts,arrangement_only,nearest_neighbor_mean_norm,0.04117976428670425,0.03965821136674148,-0.19835753935658773,0.19835753935658773
Receipts,arrangement_only,nearest_neighbor_median_norm,0.033932875039861025,0.03112563183450833,-0.34006131003183343,0.34006131003183343
Receipts,arrangement_only,nearest_neighbor_std_norm,0.024822093995453865,0.0199510831492386,-0.7068090912772276,0.7068090912772276
Receipts,arrangement_only,pairwise_distance_mean_norm,0.38126624075292953,0.3904215238513824,0.17438704250396828,0.17438704250396828
Receipts,arrangement_only,pairwise_distance_std_norm,0.18321519398151215,0.18711092922356845,0.1610462021366286,0.1610462021366286
Receipts,arrangement_only,row_alignment_fraction,0.046701746605798344,0.03350844095151377,-0.8924802996450613,0.8924802996450613
Receipts,arrangement_only,column_alignment_fraction,0.10828974522662072,0.10667951066089176,-0.05177757474735505,0.05177757474735505
Receipts,arrangement_only,angle_mean_abs_deg,4.977942185882242,8.298928378305533,0.738438993506333,0.738438993506333
Receipts,arrangement_only,angle_std_deg,14.021450115894334,24.887736652759973,1.1075673859739597,1.1075673859739597
Receipts,arrangement_only,rotated_fraction_gt_5deg,0.06500027885015619,0.0940615959979371,0.5355098783375104,0.5355098783375104
Receipts,arrangement_only,center_grid_0_0,0.013108763686416018,0.006373247117443521,-0.32583066684097756,0.32583066684097756
Receipts,arrangement_only,center_grid_0_1,0.0961478311547477,0.07935517009890337,-0.39521429558366555,0.39521429558366555
Receipts,arrangement_only,center_grid_0_2,0.013667358576712385,0.04330043199247219,0.838267126909252,0.838267126909252
Receipts,arrangement_only,center_grid_0_3,0.0010175552047473216,0.0026495640758631162,0.25323560066314027,0.25323560066314027
Receipts,arrangement_only,center_grid_1_0,0.0782445823186291,0.09551631365356865,0.4328982066237927,0.4328982066237927
Receipts,arrangement_only,center_grid_1_1,0.14691201603317966,0.09735078455965547,-0.7256981005713543,0.7256981005713543
Receipts,arrangement_only,center_grid_1_2,0.07635486392400147,0.14072411858350964,0.8742798878643314,0.8742798878643314
Receipts,arrangement_only,center_grid_1_3,0.047808572699444815,0.09390768850418527,1.1591077415823956,1.1591077415823956
Receipts,arrangement_only,center_grid_2_0,0.08455201547221547,0.06993214322384497,-0.3103272180657685,0.3103272180657685
Receipts,arrangement_only,center_grid_2_1,0.0871622529459184,0.06850310816363231,-0.4843685181886987,0.4843685181886987
Receipts,arrangement_only,center_grid_2_2,0.09506252211201041,0.0778945847719124,-0.2973817539590347,0.2973817539590347
Receipts,arrangement_only,center_grid_2_3,0.08779457503289731,0.10502774103951718,0.36896359626746456,0.36896359626746456
Receipts,arrangement_only,center_grid_3_0,0.03371186831841324,0.012894997996509396,-0.7392365788532513,0.7392365788532513
Receipts,arrangement_only,center_grid_3_1,0.07394621465117161,0.09597365130268498,0.5596185199920124,0.5596185199920124
Receipts,arrangement_only,center_grid_3_2,0.03974106140749216,0.0073586473708382345,-0.9814979239880912,0.9814979239880912
Receipts,arrangement_only,center_grid_3_3,0.024767946462002487,0.003237807545458859,-1.0258224522495367,1.0258224522495367
Receipts,quantity_plus_arrangement,region_count,55.189189189189186,55.351351351351354,0.014993580945695372,0.014993580945695372
Receipts,quantity_plus_arrangement,union_coverage_norm,0.2678669896025605,0.21776544602578676,-0.7460182298188276,0.7460182298188276
Receipts,quantity_plus_arrangement,sum_box_area_norm,0.27246982514787066,0.21790933548072453,-0.7990409757180137,0.7990409757180137
Receipts,quantity_plus_arrangement,mean_box_area_norm,0.005055346750257953,0.0040191420945607376,-0.7772252554676684,0.7772252554676684
Receipts,quantity_plus_arrangement,median_box_area_norm,0.003780746233853078,0.0027962347230537673,-0.8067117566062423,0.8067117566062423
Receipts,quantity_plus_arrangement,std_box_area_norm,0.003910681685408994,0.003365835221353094,-0.4950209344586033,0.4950209344586033
Receipts,quantity_plus_arrangement,mean_box_width_norm,0.24219571831839803,0.18041395410815286,-1.1119397984389794,1.1119397984389794
Receipts,quantity_plus_arrangement,mean_box_height_norm,0.021413338133944432,0.021972786368103413,0.17154384941739007,0.17154384941739007
Receipts,quantity_plus_arrangement,mean_confidence,0.8862948795434733,0.9088043339165852,1.1674198293951439,1.1674198293951439
Receipts,quantity_plus_arrangement,low_confidence_fraction,0.018014643818365695,0.006327920025979483,-0.6100204972970578,0.6100204972970578
Receipts,quantity_plus_arrangement,center_x_mean,0.46826214485750894,0.5049918133180074,0.793454571145777,0.793454571145777
Receipts,quantity_plus_arrangement,center_x_std,0.21251156792803683,0.22360440402441067,0.29711220899207796,0.29711220899207796
Receipts,quantity_plus_arrangement,center_y_mean,0.520086779194586,0.4848508179552268,-0.7331768984942965,0.7331768984942965
Receipts,quantity_plus_arrangement,center_y_std,0.2053282563554145,0.2041584144810456,-0.046452674564109286,0.046452674564109286
Receipts,quantity_plus_arrangement,center_x_span,0.7045412946130645,0.7005351107035135,-0.03458704498554343,0.03458704498554343
Receipts,quantity_plus_arrangement,center_y_span,0.7976309946364271,0.8666305250997818,0.740358935557049,0.740358935557049
Receipts,quantity_plus_arrangement,nearest_neighbor_mean_norm,0.04117976428670425,0.03965821136674148,-0.19835753935658773,0.19835753935658773
Receipts,quantity_plus_arrangement,nearest_neighbor_median_norm,0.033932875039861025,0.03112563183450833,-0.34006131003183343,0.34006131003183343
Receipts,quantity_plus_arrangement,nearest_neighbor_std_norm,0.024822093995453865,0.0199510831492386,-0.7068090912772276,0.7068090912772276
Receipts,quantity_plus_arrangement,pairwise_distance_mean_norm,0.38126624075292953,0.3904215238513824,0.17438704250396828,0.17438704250396828
Receipts,quantity_plus_arrangement,pairwise_distance_std_norm,0.18321519398151215,0.18711092922356845,0.1610462021366286,0.1610462021366286
Receipts,quantity_plus_arrangement,row_alignment_fraction,0.046701746605798344,0.03350844095151377,-0.8924802996450613,0.8924802996450613
Receipts,quantity_plus_arrangement,column_alignment_fraction,0.10828974522662072,0.10667951066089176,-0.05177757474735505,0.05177757474735505
Receipts,quantity_plus_arrangement,angle_mean_abs_deg,4.977942185882242,8.298928378305533,0.738438993506333,0.738438993506333
Receipts,quantity_plus_arrangement,angle_std_deg,14.021450115894334,24.887736652759973,1.1075673859739597,1.1075673859739597
Receipts,quantity_plus_arrangement,rotated_fraction_gt_5deg,0.06500027885015619,0.0940615959979371,0.5355098783375104,0.5355098783375104
Receipts,quantity_plus_arrangement,center_grid_0_0,0.013108763686416018,0.006373247117443521,-0.32583066684097756,0.32583066684097756
Receipts,quantity_plus_arrangement,center_grid_0_1,0.0961478311547477,0.07935517009890337,-0.39521429558366555,0.39521429558366555
Receipts,quantity_plus_arrangement,center_grid_0_2,0.013667358576712385,0.04330043199247219,0.838267126909252,0.838267126909252
Receipts,quantity_plus_arrangement,center_grid_0_3,0.0010175552047473216,0.0026495640758631162,0.25323560066314027,0.25323560066314027
Receipts,quantity_plus_arrangement,center_grid_1_0,0.0782445823186291,0.09551631365356865,0.4328982066237927,0.4328982066237927
Receipts,quantity_plus_arrangement,center_grid_1_1,0.14691201603317966,0.09735078455965547,-0.7256981005713543,0.7256981005713543
Receipts,quantity_plus_arrangement,center_grid_1_2,0.07635486392400147,0.14072411858350964,0.8742798878643314,0.8742798878643314
Receipts,quantity_plus_arrangement,center_grid_1_3,0.047808572699444815,0.09390768850418527,1.1591077415823956,1.1591077415823956
Receipts,quantity_plus_arrangement,center_grid_2_0,0.08455201547221547,0.06993214322384497,-0.3103272180657685,0.3103272180657685
Receipts,quantity_plus_arrangement,center_grid_2_1,0.0871622529459184,0.06850310816363231,-0.4843685181886987,0.4843685181886987
Receipts,quantity_plus_arrangement,center_grid_2_2,0.09506252211201041,0.0778945847719124,-0.2973817539590347,0.2973817539590347
Receipts,quantity_plus_arrangement,center_grid_2_3,0.08779457503289731,0.10502774103951718,0.36896359626746456,0.36896359626746456
Receipts,quantity_plus_arrangement,center_grid_3_0,0.03371186831841324,0.012894997996509396,-0.7392365788532513,0.7392365788532513
Receipts,quantity_plus_arrangement,center_grid_3_1,0.07394621465117161,0.09597365130268498,0.5596185199920124,0.5596185199920124
Receipts,quantity_plus_arrangement,center_grid_3_2,0.03974106140749216,0.0073586473708382345,-0.9814979239880912,0.9814979239880912
Receipts,quantity_plus_arrangement,center_grid_3_3,0.024767946462002487,0.003237807545458859,-1.0258224522495367,1.0258224522495367
Tables,quantity_only,region_count,77.96774193548387,78.35483870967742,0.0093727728199665,0.0093727728199665
Tables,quantity_only,union_coverage_norm,0.2842221273427507,0.2440746542167518,-0.6650126560639559,0.6650126560639559
Tables,quantity_only,sum_box_area_norm,0.2902624041054623,0.24457023740706238,-0.7305899939151405,0.7305899939151405
Tables,quantity_only,mean_box_area_norm,0.004527127495187613,0.004038668655478017,-0.16238837327806369,0.16238837327806369
Tables,quantity_only,median_box_area_norm,0.0031876907192803163,0.002772342120477103,-0.20910593911233846,0.20910593911233846
Tables,quantity_only,std_box_area_norm,0.004980263392508889,0.00406317574584544,-0.38213948069011683,0.38213948069011683
Tables,quantity_only,mean_box_width_norm,0.1043705844121386,0.1344066639724309,0.5764332796028198,0.5764332796028198
Tables,quantity_only,mean_box_height_norm,0.045437778098966465,0.02974051830608929,-1.3084831157328318,1.3084831157328318
Tables,quantity_only,mean_confidence,0.8843234059300112,0.9087537184477841,1.23032857164439,1.23032857164439
Tables,quantity_only,low_confidence_fraction,0.02500519760825712,0.007799242788105615,-0.6451502425939224,0.6451502425939224
Tables,arrangement_only,center_x_mean,0.4907627538819503,0.5116209096715413,0.2750667713431887,0.2750667713431887
Tables,arrangement_only,center_x_std,0.26256787675797205,0.27110783535849936,0.4356724679583242,0.4356724679583242
Tables,arrangement_only,center_y_mean,0.5070137764208499,0.4833499431157158,-1.005656448147124,1.005656448147124
Tables,arrangement_only,center_y_std,0.23622923494618062,0.2381205810618729,0.07299232720632351,0.07299232720632351
Tables,arrangement_only,center_x_span,0.8135037361873599,0.8448070166374879,0.668578072900034,0.668578072900034
Tables,arrangement_only,center_y_span,0.8899595009674018,0.8876705546671028,-0.027457619850273098,0.027457619850273098
Tables,arrangement_only,nearest_neighbor_mean_norm,0.05931450722071165,0.058076767274635656,-0.06389079083561054,0.06389079083561054
Tables,arrangement_only,nearest_neighbor_median_norm,0.05315016156127607,0.05252780623863165,-0.03108452793333055,0.03108452793333055
Tables,arrangement_only,nearest_neighbor_std_norm,0.021838563710713122,0.02309451587889948,0.1257983279991265,0.1257983279991265
Tables,arrangement_only,pairwise_distance_mean_norm,0.4552597907233691,0.4662675063353781,0.4084846860471874,0.4084846860471874
Tables,arrangement_only,pairwise_distance_std_norm,0.21770609281176068,0.2210440399825864,0.21874504563978878,0.21874504563978878
Tables,arrangement_only,row_alignment_fraction,0.05135608122963425,0.054793899446888804,0.16286878910809058,0.16286878910809058
Tables,arrangement_only,column_alignment_fraction,0.14855400082030076,0.14113990083900846,-0.14658801951490572,0.14658801951490572
Tables,arrangement_only,angle_mean_abs_deg,5.350883848471232,2.0761467471866637,-0.5397746874816477,0.5397746874816477
Tables,arrangement_only,angle_std_deg,13.041721096957865,5.854592310950658,-0.5740225633075091,0.5740225633075091
Tables,arrangement_only,rotated_fraction_gt_5deg,0.0796245537935866,0.023157027681004767,-0.8341079933862162,0.8341079933862162
Tables,arrangement_only,center_grid_0_0,0.04583271373723146,0.04198207932053055,-0.12369479484906143,0.12369479484906143
Tables,arrangement_only,center_grid_0_1,0.05266622637645489,0.06989797630776294,0.7839661827640713,0.7839661827640713
Tables,arrangement_only,center_grid_0_2,0.04000699536397295,0.04428761051652849,0.15323969490349607,0.15323969490349607
Tables,arrangement_only,center_grid_0_3,0.04076866368811409,0.056548527885468755,0.5801936000487113,0.5801936000487113
Tables,arrangement_only,center_grid_1_0,0.07352243669278657,0.07110247644542729,-0.06651625649542847,0.06651625649542847
Tables,arrangement_only,center_grid_1_1,0.0846031019607272,0.08487947504383606,0.007542998051717396,0.007542998051717396
Tables,arrangement_only,center_grid_1_2,0.07419365650970346,0.069856832381851,-0.11505255794959299,0.11505255794959299
Tables,arrangement_only,center_grid_1_3,0.07872507469224169,0.08448518104861913,0.1359974441081428,0.1359974441081428
Tables,arrangement_only,center_grid_2_0,0.07980958965645206,0.07071501119296635,-0.22966961312660797,0.22966961312660797
Tables,arrangement_only,center_grid_2_1,0.08009089577961036,0.0765518054775469,-0.08909857340461101,0.08909857340461101
Tables,arrangement_only,center_grid_2_2,0.0757002825746266,0.06671747273025681,-0.2158024861764885,0.2158024861764885
Tables,arrangement_only,center_grid_2_3,0.07834617387476978,0.0921508437125509,0.31103639488241325,0.31103639488241325
Tables,arrangement_only,center_grid_3_0,0.05112712971405772,0.04568746246082593,-0.20255032441273466,0.20255032441273466
Tables,arrangement_only,center_grid_3_1,0.05555563461424493,0.05177121689459676,-0.13075538954989893,0.13075538954989893
Tables,arrangement_only,center_grid_3_2,0.043429761760616394,0.03287457652704487,-0.3476621900038125,0.3476621900038125
Tables,arrangement_only,center_grid_3_3,0.045621663004389267,0.04049145205418667,-0.16467346104508346,0.16467346104508346
Tables,quantity_plus_arrangement,region_count,77.96774193548387,78.35483870967742,0.0093727728199665,0.0093727728199665
Tables,quantity_plus_arrangement,union_coverage_norm,0.2842221273427507,0.2440746542167518,-0.6650126560639559,0.6650126560639559
Tables,quantity_plus_arrangement,sum_box_area_norm,0.2902624041054623,0.24457023740706238,-0.7305899939151405,0.7305899939151405
Tables,quantity_plus_arrangement,mean_box_area_norm,0.004527127495187613,0.004038668655478017,-0.16238837327806369,0.16238837327806369
Tables,quantity_plus_arrangement,median_box_area_norm,0.0031876907192803163,0.002772342120477103,-0.20910593911233846,0.20910593911233846
Tables,quantity_plus_arrangement,std_box_area_norm,0.004980263392508889,0.00406317574584544,-0.38213948069011683,0.38213948069011683
Tables,quantity_plus_arrangement,mean_box_width_norm,0.1043705844121386,0.1344066639724309,0.5764332796028198,0.5764332796028198
Tables,quantity_plus_arrangement,mean_box_height_norm,0.045437778098966465,0.02974051830608929,-1.3084831157328318,1.3084831157328318
Tables,quantity_plus_arrangement,mean_confidence,0.8843234059300112,0.9087537184477841,1.23032857164439,1.23032857164439
Tables,quantity_plus_arrangement,low_confidence_fraction,0.02500519760825712,0.007799242788105615,-0.6451502425939224,0.6451502425939224
Tables,quantity_plus_arrangement,center_x_mean,0.4907627538819503,0.5116209096715413,0.2750667713431887,0.2750667713431887
Tables,quantity_plus_arrangement,center_x_std,0.26256787675797205,0.27110783535849936,0.4356724679583242,0.4356724679583242
Tables,quantity_plus_arrangement,center_y_mean,0.5070137764208499,0.4833499431157158,-1.005656448147124,1.005656448147124
Tables,quantity_plus_arrangement,center_y_std,0.23622923494618062,0.2381205810618729,0.07299232720632351,0.07299232720632351
Tables,quantity_plus_arrangement,center_x_span,0.8135037361873599,0.8448070166374879,0.668578072900034,0.668578072900034
Tables,quantity_plus_arrangement,center_y_span,0.8899595009674018,0.8876705546671028,-0.027457619850273098,0.027457619850273098
Tables,quantity_plus_arrangement,nearest_neighbor_mean_norm,0.05931450722071165,0.058076767274635656,-0.06389079083561054,0.06389079083561054
Tables,quantity_plus_arrangement,nearest_neighbor_median_norm,0.05315016156127607,0.05252780623863165,-0.03108452793333055,0.03108452793333055
Tables,quantity_plus_arrangement,nearest_neighbor_std_norm,0.021838563710713122,0.02309451587889948,0.1257983279991265,0.1257983279991265
Tables,quantity_plus_arrangement,pairwise_distance_mean_norm,0.4552597907233691,0.4662675063353781,0.4084846860471874,0.4084846860471874
Tables,quantity_plus_arrangement,pairwise_distance_std_norm,0.21770609281176068,0.2210440399825864,0.21874504563978878,0.21874504563978878
Tables,quantity_plus_arrangement,row_alignment_fraction,0.05135608122963425,0.054793899446888804,0.16286878910809058,0.16286878910809058
Tables,quantity_plus_arrangement,column_alignment_fraction,0.14855400082030076,0.14113990083900846,-0.14658801951490572,0.14658801951490572
Tables,quantity_plus_arrangement,angle_mean_abs_deg,5.350883848471232,2.0761467471866637,-0.5397746874816477,0.5397746874816477
Tables,quantity_plus_arrangement,angle_std_deg,13.041721096957865,5.854592310950658,-0.5740225633075091,0.5740225633075091
Tables,quantity_plus_arrangement,rotated_fraction_gt_5deg,0.0796245537935866,0.023157027681004767,-0.8341079933862162,0.8341079933862162
Tables,quantity_plus_arrangement,center_grid_0_0,0.04583271373723146,0.04198207932053055,-0.12369479484906143,0.12369479484906143
Tables,quantity_plus_arrangement,center_grid_0_1,0.05266622637645489,0.06989797630776294,0.7839661827640713,0.7839661827640713
Tables,quantity_plus_arrangement,center_grid_0_2,0.04000699536397295,0.04428761051652849,0.15323969490349607,0.15323969490349607
Tables,quantity_plus_arrangement,center_grid_0_3,0.04076866368811409,0.056548527885468755,0.5801936000487113,0.5801936000487113
Tables,quantity_plus_arrangement,center_grid_1_0,0.07352243669278657,0.07110247644542729,-0.06651625649542847,0.06651625649542847
Tables,quantity_plus_arrangement,center_grid_1_1,0.0846031019607272,0.08487947504383606,0.007542998051717396,0.007542998051717396
Tables,quantity_plus_arrangement,center_grid_1_2,0.07419365650970346,0.069856832381851,-0.11505255794959299,0.11505255794959299
Tables,quantity_plus_arrangement,center_grid_1_3,0.07872507469224169,0.08448518104861913,0.1359974441081428,0.1359974441081428
Tables,quantity_plus_arrangement,center_grid_2_0,0.07980958965645206,0.07071501119296635,-0.22966961312660797,0.22966961312660797
Tables,quantity_plus_arrangement,center_grid_2_1,0.08009089577961036,0.0765518054775469,-0.08909857340461101,0.08909857340461101
Tables,quantity_plus_arrangement,center_grid_2_2,0.0757002825746266,0.06671747273025681,-0.2158024861764885,0.2158024861764885
Tables,quantity_plus_arrangement,center_grid_2_3,0.07834617387476978,0.0921508437125509,0.31103639488241325,0.31103639488241325
Tables,quantity_plus_arrangement,center_grid_3_0,0.05112712971405772,0.04568746246082593,-0.20255032441273466,0.20255032441273466
Tables,quantity_plus_arrangement,center_grid_3_1,0.05555563461424493,0.05177121689459676,-0.13075538954989893,0.13075538954989893
Tables,quantity_plus_arrangement,center_grid_3_2,0.043429761760616394,0.03287457652704487,-0.3476621900038125,0.3476621900038125
Tables,quantity_plus_arrangement,center_grid_3_3,0.045621663004389267,0.04049145205418667,-0.16467346104508346,0.16467346104508346
UIScreenshots,quantity_only,region_count,26.17391304347826,32.43478260869565,0.7292734976397036,0.7292734976397036
UIScreenshots,quantity_only,union_coverage_norm,0.13729467632705888,0.1070036645323097,-0.4863165840359858,0.4863165840359858
UIScreenshots,quantity_only,sum_box_area_norm,0.13809956639157267,0.1070789432785653,-0.49336795682980367,0.49336795682980367
UIScreenshots,quantity_only,mean_box_area_norm,0.005385572190975405,0.0034391706056616355,-0.8892646688636803,0.8892646688636803
UIScreenshots,quantity_only,median_box_area_norm,0.004324929549114279,0.0026312901703965954,-0.693584627671904,0.693584627671904
UIScreenshots,quantity_only,std_box_area_norm,0.004488675183966908,0.002562441083116148,-1.2102029459855834,1.2102029459855834
UIScreenshots,quantity_only,mean_box_width_norm,0.2185145735114557,0.180964817029818,-0.4071095472989301,0.4071095472989301
UIScreenshots,quantity_only,mean_box_height_norm,0.024345020616079592,0.01951629281491423,-1.7173350844392532,1.7173350844392532
UIScreenshots,quantity_only,mean_confidence,0.8623704554587652,0.8729213894029482,0.45902643464962284,0.45902643464962284
UIScreenshots,quantity_only,low_confidence_fraction,0.1108306274764943,0.07566173745497394,-0.4226799818104466,0.4226799818104466
UIScreenshots,arrangement_only,center_x_mean,0.42996677860390203,0.4311134994590574,0.012508080382832604,0.012508080382832604
UIScreenshots,arrangement_only,center_x_std,0.2407211356617529,0.2522232304973438,0.23740134506733873,0.23740134506733873
UIScreenshots,arrangement_only,center_y_mean,0.4220427672571792,0.5194024315343352,1.7176164805833718,1.7176164805833718
UIScreenshots,arrangement_only,center_y_std,0.2736300038001334,0.2957226778655544,0.5730466256119798,0.5730466256119798
UIScreenshots,arrangement_only,center_x_span,0.8305659754368789,0.8239464432061135,-0.06633475200554795,0.06633475200554795
UIScreenshots,arrangement_only,center_y_span,0.8362991285911309,0.9441767265928149,1.6979790240122288,1.6979790240122288
UIScreenshots,arrangement_only,nearest_neighbor_mean_norm,0.08978273216125802,0.08378421004819787,-0.27569390301272656,0.27569390301272656
UIScreenshots,arrangement_only,nearest_neighbor_median_norm,0.06976267686975036,0.06194425044587073,-0.4953013152080359,0.4953013152080359
UIScreenshots,arrangement_only,nearest_neighbor_std_norm,0.06664114521167064,0.06515497101678029,-0.05269922431505287,0.05269922431505287
UIScreenshots,arrangement_only,pairwise_distance_mean_norm,0.4710093380478419,0.4970905068674594,0.44087965482822683,0.44087965482822683
UIScreenshots,arrangement_only,pairwise_distance_std_norm,0.24564761855859607,0.26019076168685656,0.6196043515103526,0.6196043515103526
UIScreenshots,arrangement_only,row_alignment_fraction,0.08030773861002082,0.047010703776396164,-0.6458798802391355,0.6458798802391355
UIScreenshots,arrangement_only,column_alignment_fraction,0.10207216528173581,0.10320859833726044,0.026256332376066487,0.026256332376066487
UIScreenshots,arrangement_only,angle_mean_abs_deg,5.975783589626386,5.3796671271550744,-0.08860914172833052,0.08860914172833052
UIScreenshots,arrangement_only,angle_std_deg,13.668460863844594,17.79281858506461,0.32776478027091505,0.32776478027091505
UIScreenshots,arrangement_only,rotated_fraction_gt_5deg,0.07115295589697475,0.06256261887045174,-0.1148881173011075,0.1148881173011075
UIScreenshots,arrangement_only,center_grid_0_0,0.11189254960146408,0.1124347902677748,0.01030167381700341,0.01030167381700341
UIScreenshots,arrangement_only,center_grid_0_1,0.0950578695799564,0.051292440490240135,-0.944124651904395,0.944124651904395
UIScreenshots,arrangement_only,center_grid_0_2,0.05839724374849083,0.01737916616581934,-1.0138789094841525,1.0138789094841525
UIScreenshots,arrangement_only,center_grid_0_3,0.06390385349251682,0.04995373791865622,-0.3703347686794826,0.3703347686794826
UIScreenshots,arrangement_only,center_grid_1_0,0.0779866838075093,0.0727694364305884,-0.07634557837341344,0.07634557837341344
UIScreenshots,arrangement_only,center_grid_1_1,0.08456370932398741,0.10133103479387227,0.23119521378580188,0.23119521378580188
UIScreenshots,arrangement_only,center_grid_1_2,0.041105655749079116,0.04682684693673766,0.088976666196577,0.088976666196577
UIScreenshots,arrangement_only,center_grid_1_3,0.037149942728811405,0.03463757400122238,-0.052555388941004796,0.052555388941004796
UIScreenshots,arrangement_only,center_grid_2_0,0.0931019004364001,0.07082303448019518,-0.3313558121558806,0.3313558121558806
UIScreenshots,arrangement_only,center_grid_2_1,0.09906810776455076,0.07996205848700291,-0.24945622431850079,0.24945622431850079
UIScreenshots,arrangement_only,center_grid_2_2,0.030687393104689882,0.04991269054733301,0.344797785790229,0.344797785790229
UIScreenshots,arrangement_only,center_grid_2_3,0.04085189609995192,0.03145117906657225,-0.1804686674834994,0.1804686674834994
UIScreenshots,arrangement_only,center_grid_3_0,0.046230524715919256,0.06894629197339511,0.44362381478754,0.44362381478754
UIScreenshots,arrangement_only,center_grid_3_1,0.05195386288542554,0.0937448052439378,0.748420182859027,0.748420182859027
UIScreenshots,arrangement_only,center_grid_3_2,0.039775369820265846,0.06209043184871531,0.41241354284594317,0.41241354284594317
UIScreenshots,arrangement_only,center_grid_3_3,0.028273437140980972,0.05644448134793681,0.7284013862469645,0.7284013862469645
UIScreenshots,quantity_plus_arrangement,region_count,26.17391304347826,32.43478260869565,0.7292734976397036,0.7292734976397036
UIScreenshots,quantity_plus_arrangement,union_coverage_norm,0.13729467632705888,0.1070036645323097,-0.4863165840359858,0.4863165840359858
UIScreenshots,quantity_plus_arrangement,sum_box_area_norm,0.13809956639157267,0.1070789432785653,-0.49336795682980367,0.49336795682980367
UIScreenshots,quantity_plus_arrangement,mean_box_area_norm,0.005385572190975405,0.0034391706056616355,-0.8892646688636803,0.8892646688636803
UIScreenshots,quantity_plus_arrangement,median_box_area_norm,0.004324929549114279,0.0026312901703965954,-0.693584627671904,0.693584627671904
UIScreenshots,quantity_plus_arrangement,std_box_area_norm,0.004488675183966908,0.002562441083116148,-1.2102029459855834,1.2102029459855834
UIScreenshots,quantity_plus_arrangement,mean_box_width_norm,0.2185145735114557,0.180964817029818,-0.4071095472989301,0.4071095472989301
UIScreenshots,quantity_plus_arrangement,mean_box_height_norm,0.024345020616079592,0.01951629281491423,-1.7173350844392532,1.7173350844392532
UIScreenshots,quantity_plus_arrangement,mean_confidence,0.8623704554587652,0.8729213894029482,0.45902643464962284,0.45902643464962284
UIScreenshots,quantity_plus_arrangement,low_confidence_fraction,0.1108306274764943,0.07566173745497394,-0.4226799818104466,0.4226799818104466
UIScreenshots,quantity_plus_arrangement,center_x_mean,0.42996677860390203,0.4311134994590574,0.012508080382832604,0.012508080382832604
UIScreenshots,quantity_plus_arrangement,center_x_std,0.2407211356617529,0.2522232304973438,0.23740134506733873,0.23740134506733873
UIScreenshots,quantity_plus_arrangement,center_y_mean,0.4220427672571792,0.5194024315343352,1.7176164805833718,1.7176164805833718
UIScreenshots,quantity_plus_arrangement,center_y_std,0.2736300038001334,0.2957226778655544,0.5730466256119798,0.5730466256119798
UIScreenshots,quantity_plus_arrangement,center_x_span,0.8305659754368789,0.8239464432061135,-0.06633475200554795,0.06633475200554795
UIScreenshots,quantity_plus_arrangement,center_y_span,0.8362991285911309,0.9441767265928149,1.6979790240122288,1.6979790240122288
UIScreenshots,quantity_plus_arrangement,nearest_neighbor_mean_norm,0.08978273216125802,0.08378421004819787,-0.27569390301272656,0.27569390301272656
UIScreenshots,quantity_plus_arrangement,nearest_neighbor_median_norm,0.06976267686975036,0.06194425044587073,-0.4953013152080359,0.4953013152080359
UIScreenshots,quantity_plus_arrangement,nearest_neighbor_std_norm,0.06664114521167064,0.06515497101678029,-0.05269922431505287,0.05269922431505287
UIScreenshots,quantity_plus_arrangement,pairwise_distance_mean_norm,0.4710093380478419,0.4970905068674594,0.44087965482822683,0.44087965482822683
UIScreenshots,quantity_plus_arrangement,pairwise_distance_std_norm,0.24564761855859607,0.26019076168685656,0.6196043515103526,0.6196043515103526
UIScreenshots,quantity_plus_arrangement,row_alignment_fraction,0.08030773861002082,0.047010703776396164,-0.6458798802391355,0.6458798802391355
UIScreenshots,quantity_plus_arrangement,column_alignment_fraction,0.10207216528173581,0.10320859833726044,0.026256332376066487,0.026256332376066487
UIScreenshots,quantity_plus_arrangement,angle_mean_abs_deg,5.975783589626386,5.3796671271550744,-0.08860914172833052,0.08860914172833052
UIScreenshots,quantity_plus_arrangement,angle_std_deg,13.668460863844594,17.79281858506461,0.32776478027091505,0.32776478027091505
UIScreenshots,quantity_plus_arrangement,rotated_fraction_gt_5deg,0.07115295589697475,0.06256261887045174,-0.1148881173011075,0.1148881173011075
UIScreenshots,quantity_plus_arrangement,center_grid_0_0,0.11189254960146408,0.1124347902677748,0.01030167381700341,0.01030167381700341
UIScreenshots,quantity_plus_arrangement,center_grid_0_1,0.0950578695799564,0.051292440490240135,-0.944124651904395,0.944124651904395
UIScreenshots,quantity_plus_arrangement,center_grid_0_2,0.05839724374849083,0.01737916616581934,-1.0138789094841525,1.0138789094841525
UIScreenshots,quantity_plus_arrangement,center_grid_0_3,0.06390385349251682,0.04995373791865622,-0.3703347686794826,0.3703347686794826
UIScreenshots,quantity_plus_arrangement,center_grid_1_0,0.0779866838075093,0.0727694364305884,-0.07634557837341344,0.07634557837341344
UIScreenshots,quantity_plus_arrangement,center_grid_1_1,0.08456370932398741,0.10133103479387227,0.23119521378580188,0.23119521378580188
UIScreenshots,quantity_plus_arrangement,center_grid_1_2,0.041105655749079116,0.04682684693673766,0.088976666196577,0.088976666196577
UIScreenshots,quantity_plus_arrangement,center_grid_1_3,0.037149942728811405,0.03463757400122238,-0.052555388941004796,0.052555388941004796
UIScreenshots,quantity_plus_arrangement,center_grid_2_0,0.0931019004364001,0.07082303448019518,-0.3313558121558806,0.3313558121558806
UIScreenshots,quantity_plus_arrangement,center_grid_2_1,0.09906810776455076,0.07996205848700291,-0.24945622431850079,0.24945622431850079
UIScreenshots,quantity_plus_arrangement,center_grid_2_2,0.030687393104689882,0.04991269054733301,0.344797785790229,0.344797785790229
UIScreenshots,quantity_plus_arrangement,center_grid_2_3,0.04085189609995192,0.03145117906657225,-0.1804686674834994,0.1804686674834994
UIScreenshots,quantity_plus_arrangement,center_grid_3_0,0.046230524715919256,0.06894629197339511,0.44362381478754,0.44362381478754
UIScreenshots,quantity_plus_arrangement,center_grid_3_1,0.05195386288542554,0.0937448052439378,0.748420182859027,0.748420182859027
UIScreenshots,quantity_plus_arrangement,center_grid_3_2,0.039775369820265846,0.06209043184871531,0.41241354284594317,0.41241354284594317
UIScreenshots,quantity_plus_arrangement,center_grid_3_3,0.028273437140980972,0.05644448134793681,0.7284013862469645,0.7284013862469645
