pilot_id,relative_path,category,label,selection_score
DVP_001_00009dcb92a2,Data/Tables/0_real/PMC3361340_table_0.jpg,Tables,0,00009dcb92a240c39f1ee189e4deea2ae3e8d647e62e9a805d439b290f771c87
DVP_002_00095f59a74b,Data/Receipts/1_fake/receipt_0609.png,Receipts,1,00095f59a74b0b77e37a3ddd7832ed3b4702834b4470922b844929ca1ce86451
DVP_003_000cc7e882fa,Data/AcademicPosters/1_fake/academic_poster_0823.png,AcademicPosters,1,000cc7e882fabdf7313a6fd6573c47d73063a1c2ef2aa2f2c6dfc5cf36d13d93
DVP_004_000f693d4a62,Data/UIScreenshots/1_fake/ui_0844.png,UIScreenshots,1,000f693d4a62c690cc1e856d3ba95b1c5bfd60216b8960a020fc66396ec1cbc4
DVP_005_001093bb82c1,Data/CommercialPosters/1_fake/commercial_poster_0332.png,CommercialPosters,1,001093bb82c1194793baa9cb688cd37046f11b9f8b1fb12950a0e0dcdb0d06da
DVP_006_001b9f70299d,Data/UIScreenshots/1_fake/ui_0850.png,UIScreenshots,1,001b9f70299d948007ea23398f1c0ec3f78e10549b29d4482324d01e68516976
DVP_007_0020f18400cc,Data/UIScreenshots/0_real/3942.jpg,UIScreenshots,0,0020f18400cc5659cf9066f7cfa9d26f38742afa3d7c5e9bcfb159860eef1764
DVP_008_002425e25739,Data/InfographicCharts/1_fake/infographic_chart_0455.png,InfographicCharts,1,002425e25739289f8cf25b54b91a6d594c4221fa9fd8d99d37a51b29af3c3a2f
DVP_009_002812010de4,Data/InfographicCharts/1_fake/infographic_chart_0373.png,InfographicCharts,1,002812010de40cafc1f8b91cea40c69a3cf0b6c5e607c5da87e26e8d8da3339a
DVP_010_002cab38dc59,Data/AcademicPosters/1_fake/academic_poster_0393.png,AcademicPosters,1,002cab38dc5903f57dfe60207b2ab33c8d6c7fb528ed7eb533775e1d3dc594e0
DVP_011_002cb99f3691,Data/AcademicPosters/1_fake/academic_poster_0655.png,AcademicPosters,1,002cb99f36919213a563106558f82311aec77e332172832c3cd3a3277ceee2b4
DVP_012_002d584c4e7f,Data/AcademicPosters/1_fake/academic_poster_0234.png,AcademicPosters,1,002d584c4e7f28460205fdae440e892fc2fae9cab6ae05a943f7353218fcd40b
DVP_013_003f16df2207,Data/UIScreenshots/0_real/6011.jpg,UIScreenshots,0,003f16df22073713f5acbdb282968d1c4aa9ee090b727246585035dc6eaac2cc
DVP_014_0042fe15d832,Data/InfographicCharts/0_real/00013316.jpeg,InfographicCharts,0,0042fe15d832eb00925469d2200865eff5d2dfa6a89713efa4d4532cc75a14cc
DVP_015_0046cf9c9f1a,Data/AcademicPosters/1_fake/academic_poster_0602.png,AcademicPosters,1,0046cf9c9f1a249365dd855334dbef573aaa58a668a9a6bb493518854d9afa97
DVP_016_004b61a8ee7f,Data/Tables/1_fake/table_0726.png,Tables,1,004b61a8ee7f4ed18324f691f743821399744e4fbe94433c44e6f5071259a463
DVP_017_0051c3354791,Data/InfographicCharts/1_fake/infographic_chart_0399.png,InfographicCharts,1,0051c3354791eb8418b2864c836947e7bc515762f71e8f48048cdc743eec2ea9
DVP_018_00553172e64a,Data/Receipts/1_fake/receipt_0214.png,Receipts,1,00553172e64a8b6c04372917bd7915850af7a9b8fa37dd697436fc77765f37b1
DVP_019_0062f18128e1,Data/InfographicCharts/0_real/00000395.jpeg,InfographicCharts,0,0062f18128e17c088835337147c13cfc3099f8e77ef61a0592fc787ddccf6888
DVP_020_0067c7996c04,Data/CommercialPosters/0_real/5ecd32ca499b85dcc7980750_preview.jpg,CommercialPosters,0,0067c7996c048d14662766d4ab2ceac22b0481ab9a367a20d55f8b9ff67e7842
DVP_021_006c5fceb252,Data/InfographicCharts/0_real/00015440.jpeg,InfographicCharts,0,006c5fceb2523860c43bb686a17c049d2f5736cc744397726cd608be03241ded
DVP_022_0071d7b81993,Data/CommercialPosters/1_fake/commercial_poster_0990.png,CommercialPosters,1,0071d7b81993b3ef76902a02a75b46525913b067844ae78ba976eb2dbb6f27f9
DVP_023_0074132a6a8f,Data/Tables/1_fake/table_0293.png,Tables,1,0074132a6a8ffe036a39e75b5fcaf74abc4a33c41f56d80c14508b9f97391c24
DVP_024_007917063fc5,Data/AcademicPosters/1_fake/academic_poster_0216.png,AcademicPosters,1,007917063fc5650abe077560bef5da7025e2aae8db852ed38f971ea85cad8aed
DVP_025_007a18897b6b,Data/Tables/0_real/PMC5664791_table_1.jpg,Tables,0,007a18897b6b2f97d0ace84243885eb3c63cd3970058ec4d3335cf4bcb523cf3
DVP_026_007a5bc356f2,Data/InfographicCharts/0_real/00057800.jpg,InfographicCharts,0,007a5bc356f24f7e615636339598f4aa2f2f9cb1cc3f9befd61ab2ff0da1432a
DVP_027_007f8f10cccb,Data/AcademicPosters/1_fake/academic_poster_0807.png,AcademicPosters,1,007f8f10cccb8a4e5f12a4dd1d989381f1a9f4b1f9e761278cfe13838d2a4326
DVP_028_008b321370d4,Data/UIScreenshots/0_real/53059.jpg,UIScreenshots,0,008b321370d49e181330eb21436c4e061721b4ebc870e41c8001b1fea15c1651
DVP_029_0090071373da,Data/UIScreenshots/1_fake/ui_0153.png,UIScreenshots,1,0090071373da215da5d3ff032059e25d0af20420cb13b0aabc72df91618f92fa
DVP_030_00993b6ea489,Data/Receipts/1_fake/receipt_1061.png,Receipts,1,00993b6ea48979182d38cf94e958356123ef8964dfc2129f9d7880fee1f41f48
DVP_031_00a25e8951c0,Data/AcademicPosters/0_real/NeurIPS_2022_54176_Streaming Radiance Fields for 3D Video Synthesis.png,AcademicPosters,0,00a25e8951c0cceb890a4c1120e7102f2cf3d867f1e826a928ade62ba827f8e1
DVP_032_00b1b3aebe3c,Data/InfographicCharts/1_fake/infographic_chart_0359.png,InfographicCharts,1,00b1b3aebe3cc1ca6045399e6ca83dcb28578b25f205bdefc24ad67ad028847d
DVP_033_00b8639a4298,Data/UIScreenshots/1_fake/ui_0310.png,UIScreenshots,1,00b8639a4298ea3675b0f3509f9a2311204e91c9013df051da7aa34ad2669762
DVP_034_00b8efaf230b,Data/Receipts/0_real/X51007339118.jpg,Receipts,0,00b8efaf230bb72664c336190c27a2c33fa56b8e18b4b06ae68f4c7317d21aea
DVP_035_00bcfd0e9c96,Data/CommercialPosters/1_fake/commercial_poster_0049.png,CommercialPosters,1,00bcfd0e9c96329ae3c3f35c47b6998f40a4ab28d7dbef8b3c61dfdb970d021f
DVP_036_00bf168fd92d,Data/CommercialPosters/1_fake/commercial_poster_0257.png,CommercialPosters,1,00bf168fd92d5804351f9c248efa7ad0355659540f9dd26ea6acb06cb91b6a6f
DVP_037_00c137df1a71,Data/InfographicCharts/1_fake/infographic_chart_0165.png,InfographicCharts,1,00c137df1a71229a5556e8a4f2072ee6784759a5482f34bd1c77ca6df1e4323e
DVP_038_00c49d3e5261,Data/AcademicPosters/0_real/ICLR_2022_6636_Map Induction_ Compositional spatial submap learning for eff.png,AcademicPosters,0,00c49d3e52610d5ae9e7f0e2092f45fa06e4573dedad13aa0a032ba7c443654c
DVP_039_00c60ed30745,Data/Receipts/0_real/X51005715006.jpg,Receipts,0,00c60ed307450522a478fadeaa1cdbd65314f98b603edec09f4bd4f7813f556f
DVP_040_00c7f8f86a6c,Data/Receipts/0_real/X51006311764.jpg,Receipts,0,00c7f8f86a6cb4f7d9ace59b1133e47ae3bfd2fcb3b3bf23132a613c03a66ddb
DVP_041_00cc2dbc33ae,Data/AcademicPosters/0_real/ICLR_2023_11930_Exploring The Role of Mean Teachers in Self-supervised Maske.png,AcademicPosters,0,00cc2dbc33ae4bcaca0add879fb86a4b18f7e1be5c3ca46d35d2f5de467d02ca
DVP_042_00d29d8e111a,Data/AcademicPosters/1_fake/academic_poster_0336.png,AcademicPosters,1,00d29d8e111ad8bfbce1a908f7890a07f41bb2c94da0f87b33e641b666fcf88c
DVP_043_00d9532b88f5,Data/UIScreenshots/1_fake/ui_0547.png,UIScreenshots,1,00d9532b88f5e9f68227da9a2d590505ec7a1d957eed2ce8c784c1f3c7fd6776
DVP_044_00fc768ab465,Data/Tables/0_real/PMC5732374_table_1.jpg,Tables,0,00fc768ab465a105e841ef6dc72644edb2a47510beb2281bb8342b6da0e65dd5
DVP_045_0102932205a0,Data/Tables/1_fake/table_0463.png,Tables,1,0102932205a005c0a445451ad2f4ca405fa0a6f85fc58388666b379f411f34b2
DVP_046_0107906549df,Data/InfographicCharts/1_fake/infographic_chart_0608.png,InfographicCharts,1,0107906549dfca3091a990dfd122b221370d2925c5e8e31808ff37e273661c4a
DVP_047_010c0e55105c,Data/Tables/0_real/PMC5714864_table_1.jpg,Tables,0,010c0e55105ce49fd27f2e7aedcb371319772c263d192c8ccc6e3ed8f5fd3bf3
DVP_048_010e09ec457f,Data/UIScreenshots/1_fake/ui_0536.png,UIScreenshots,1,010e09ec457ff046074df335d4c824394bc59dd98ff5da299a0d306e6cf5a209
DVP_049_0118f3cf4061,Data/CommercialPosters/0_real/5a6f2b1d8c32ec6f8bc5567e_preview.jpg,CommercialPosters,0,0118f3cf40611bac1068a04180392962c8d1807e4b3ce13daa98acc7c678f67e
DVP_050_0134146f813d,Data/Receipts/1_fake/receipt_0944.png,Receipts,1,0134146f813d2fba19cc99f3bfd246c5ec0a5f1ef20cd9b934763a5ff797bb84
DVP_051_013feef01c56,Data/CommercialPosters/1_fake/commercial_poster_0729.png,CommercialPosters,1,013feef01c565c406a15d3be2b74f5f44216d9a0d35d17a14f2463dd67105d55
DVP_052_0143021eaa7a,Data/UIScreenshots/0_real/8555.jpg,UIScreenshots,0,0143021eaa7a5e004beaa5eda50c8e248faf7f5cc8610265fb47dc97d5df728c
DVP_053_0147eb1ff5d1,Data/InfographicCharts/1_fake/infographic_chart_0596.png,InfographicCharts,1,0147eb1ff5d169f61791c045a9c705a62d4cea40dc858fc673f0efe27f95866c
DVP_054_0155a51ce8a6,Data/UIScreenshots/1_fake/ui_0683.png,UIScreenshots,1,0155a51ce8a69886bb4b6afa18979da55c3d9c4624de1d1207a3ee2a6c0d1f70
DVP_055_015b3d437c3f,Data/Tables/0_real/PMC4663529_table_3.jpg,Tables,0,015b3d437c3ff60d15454a958c8e4ebf310e3092258e3f08ba876b5b5bf8fea8
DVP_056_016cbad5c739,Data/AcademicPosters/0_real/NeurIPS_2022_55073_Biologically Inspired Dynamic Thresholds for Spiking Neural .png,AcademicPosters,0,016cbad5c739696c1641fd844ee56b1e81e539403fc83f74bca6138174fd28ee
DVP_057_01794c2b6b86,Data/UIScreenshots/1_fake/ui_0553.png,UIScreenshots,1,01794c2b6b8654761d1cb508fad6abe64ad801d8a9662170d0715c66bf8e0312
DVP_058_017aab6a650f,Data/Tables/0_real/PMC4700601_table_0.jpg,Tables,0,017aab6a650fe1fc5c6cae11a7ff8227680631060e9fb41220296b92e6529d78
DVP_059_017d3d27150e,Data/Tables/0_real/PMC6163741_table_1.jpg,Tables,0,017d3d27150ec727b1aec08d2c8d6ee26e4942970f5179251a490a52b0330a78
DVP_060_017dd1a3bd75,Data/UIScreenshots/0_real/37309.jpg,UIScreenshots,0,017dd1a3bd75f17e97afa1799f3c1b335b6298f89ea5660709811acad2eaf52c
DVP_061_01820d9ac11f,Data/InfographicCharts/0_real/00008926.jpeg,InfographicCharts,0,01820d9ac11f9fb69efeb252c0a3da47cff409403644becdc85ddb26c6959087
DVP_062_019b773ed49c,Data/AcademicPosters/0_real/ICML_2024_32933_Don_t trust your eyes_ on the _un_reliability of feature vis.png,AcademicPosters,0,019b773ed49c7549dc6845676818e6111065b739561610fe05dca6f1210e6dee
DVP_063_019c92e3ffab,Data/CommercialPosters/0_real/5b3f4a3d1eb1c99e2a3b84c2_preview.jpg,CommercialPosters,0,019c92e3ffabe14c3ff6fd682dc86c16a066681d73cf2f290486f37c2cf8923d
DVP_064_01a3c38c16b2,Data/Receipts/1_fake/receipt_0367.png,Receipts,1,01a3c38c16b2a3586ae92d19fd9f1e029227a735721709a54eb1de44a65ba5cf
DVP_065_01abd78c859f,Data/UIScreenshots/1_fake/ui_0377.png,UIScreenshots,1,01abd78c859fa91e0b0f28fc267bf55331307aa344bd8460d6e412daecd3fb4e
DVP_066_01ad978401b4,Data/UIScreenshots/0_real/71879.jpg,UIScreenshots,0,01ad978401b4a3541de466f083497b2af84faa8c71d837d194ab04b91cc30cb9
DVP_067_01b2837fcc3a,Data/CommercialPosters/1_fake/commercial_poster_0369.png,CommercialPosters,1,01b2837fcc3a5fe02f9421915fa0b02bd2c8bae8b4b360ee57285d9d6818ab1b
DVP_068_01b7dd76924d,Data/Tables/0_real/PMC5859550_table_3.jpg,Tables,0,01b7dd76924d19317cb21cf36cf078d20dd67ab541c2f68b22feb4e88a050e09
DVP_069_01bcfb59c00e,Data/Receipts/1_fake/receipt_0550.png,Receipts,1,01bcfb59c00eb05c37116acb51ef9169146603a93a34ceb542eb99bb5f485015
DVP_070_01c3147af964,Data/CommercialPosters/1_fake/commercial_poster_0730.png,CommercialPosters,1,01c3147af9641457d3d594f7ad7b040377628fc612157194f7d77239d96babb4
DVP_071_01c448a8c43e,Data/Tables/1_fake/table_0065.png,Tables,1,01c448a8c43e8c2d221bf46412688b11110d1da0bd9fc91ebe006e77fcc1500a
DVP_072_01d0a9a5868e,Data/InfographicCharts/0_real/00057060.jpg,InfographicCharts,0,01d0a9a5868e9ea5c154a6e8323ecbb506f4bbca1bb674ef274d3e847d04aca1
DVP_073_01d2c3267b57,Data/CommercialPosters/0_real/5cd68d107d4459dfe1349845_preview.jpg,CommercialPosters,0,01d2c3267b570e4dcbdef11edf19215e79ccd31b5c3e092a7a05c830ff881845
DVP_074_01dd36157623,Data/AcademicPosters/1_fake/academic_poster_0442.png,AcademicPosters,1,01dd36157623d4a58a8a41ed5b665ecf66630d7dcf8e04cb296161d808aecfac
DVP_075_01dd5c9ef4fd,Data/Receipts/1_fake/receipt_0458.png,Receipts,1,01dd5c9ef4fda1dfe730e330cc8ac2a4d5d1d3910b32a24f2a2bfcb051c90bb6
DVP_076_01dd70ff61f2,Data/InfographicCharts/1_fake/infographic_chart_0480.png,InfographicCharts,1,01dd70ff61f28340b26d95054e606850fdfd2ac753fd8a0cc1fda65e6665b401
DVP_077_01ece75e67f5,Data/UIScreenshots/0_real/52107.jpg,UIScreenshots,0,01ece75e67f52296d7793db5660863c240742704bf86580ed45ce971fdf3c664
DVP_078_01f03f916ae9,Data/InfographicCharts/1_fake/infographic_chart_0115.png,InfographicCharts,1,01f03f916ae9367a88ab237e14eac2cf6c1a0b98f556f93121edc379108b0df8
DVP_079_01f0f7822803,Data/Receipts/0_real/X51008099085.jpg,Receipts,0,01f0f782280317f76bac3afe1823174d618b77602f5f7c90d8976ebf25977f97
DVP_080_02038acf881a,Data/Tables/0_real/PMC1326198_table_0.jpg,Tables,0,02038acf881a5b39505f07f3a35ebfb344c14b8e334131862eace711a58774d1
DVP_081_02055dc1a918,Data/AcademicPosters/0_real/ICML_2024_33332_Visual Transformer with Differentiable Channel Selection_ An.png,AcademicPosters,0,02055dc1a918553396a00daa0da62e1a82c3e3b92731b169133c906059004d3c
DVP_082_020a623627d7,Data/AcademicPosters/0_real/NeurIPS_2022_60029_Deep Neural Imputation_ A Framework for Recovering Incomplet.png,AcademicPosters,0,020a623627d7d9c06ba77163531de7cc73e876e316d5d1d1a4593a8047b8fa1c
DVP_083_020bcbf9555b,Data/Receipts/1_fake/receipt_0726.png,Receipts,1,020bcbf9555b928d14d5289cfa0764729cb8ae64f2ad9e56ed1ddacafcc03c95
DVP_084_020c57b53519,Data/Receipts/1_fake/receipt_0978.png,Receipts,1,020c57b5351994685aea46e2c6ec05994e8317609f0d4dc24d3a9600a1dcfd9c
DVP_085_02153df6c4ff,Data/Tables/0_real/PMC5905144_table_0.jpg,Tables,0,02153df6c4ff5533cb6120a6af4f9801ba94e3ccb7b7bfcc205ae9223132d325
DVP_086_0215f3edd77a,Data/Tables/0_real/PMC6094502_table_1.jpg,Tables,0,0215f3edd77ad5589dcf5d965381ab693a15ae487adf66c0e2b1c57df1048229
DVP_087_021959f1cc95,Data/Receipts/0_real/X51007103688.jpg,Receipts,0,021959f1cc95e54698dfdf9b7502f28dd8a11c881d0b037a46a825e653e1af40
DVP_088_021de251c037,Data/CommercialPosters/0_real/5b51f32200f9c6103ae8b3e5_preview.jpg,CommercialPosters,0,021de251c037217f17693ffc47fb36908dbecdb53b8cef6354b1c136d6a822df
DVP_089_021e6b7f3d69,Data/Receipts/0_real/X51008114216.jpg,Receipts,0,021e6b7f3d697784595b17861544706ba27a526997b7cc23c229aa399d70464c
DVP_090_022217b75e79,Data/CommercialPosters/0_real/5cdd82ea7d4459dfe1a5c7b9_preview.jpg,CommercialPosters,0,022217b75e79fc4fece279de673bd85b921035a9c8260f77e0619be3f786f07e
DVP_091_022e6e2fb2a9,Data/Receipts/1_fake/receipt_0681.png,Receipts,1,022e6e2fb2a900084407a2d59a6d1f9b866ad961f49220559f4bb3d3c9e5c37b
DVP_092_0230c65280fe,Data/Receipts/1_fake/receipt_0193.png,Receipts,1,0230c65280fe89b8eb7615d5ae7bee4eb94a91e5afb17a858a6f87eb7fda799a
DVP_093_0232ea61c149,Data/AcademicPosters/1_fake/academic_poster_0968.png,AcademicPosters,1,0232ea61c149b48a381044f0facf149ab34269eabd550cf88095f681a5517b76
DVP_094_023f9b1d5afe,Data/UIScreenshots/1_fake/ui_0134.png,UIScreenshots,1,023f9b1d5afea5d707872eb21a746459bd747eb64ae7d92b44d2d23e78e96db3
DVP_095_02444e18871c,Data/InfographicCharts/1_fake/infographic_chart_0437.png,InfographicCharts,1,02444e18871c338b981e87e2248f24bb64f2be15e639a8b915fec6f02dcb2cc8
DVP_096_0247d1ae6c06,Data/Tables/1_fake/table_1000.png,Tables,1,0247d1ae6c06c2447169b143c583763cc96a4810eae20a009ec7f7739df76420
DVP_097_02492978d021,Data/CommercialPosters/0_real/5b27b8f61eb1c99e2ab9474e_preview.jpg,CommercialPosters,0,02492978d021fa7716912a87785d50d36559557d8431389b93ee6be052a53dcf
DVP_098_024ea845b456,Data/Receipts/0_real/X51005568829.jpg,Receipts,0,024ea845b45687717c021f0b2a8669f55e4d5d06ec9b71641a0472695acde7db
DVP_099_02500044356e,Data/InfographicCharts/0_real/00016747.jpeg,InfographicCharts,0,02500044356e71f1a51930e98c9797b1af0183c740f8b36e0421baedb865b754
DVP_100_025b82e7abe7,Data/Receipts/1_fake/receipt_0437.png,Receipts,1,025b82e7abe7b47787ed1fb96ec2d231ad75aacac930914f3c81980a32258f4c
DVP_101_02626788ced6,Data/Receipts/1_fake/receipt_1066.png,Receipts,1,02626788ced6993b44ac5e89086b84d3e39d65c72749fb9239af98621ac9b02f
DVP_102_026c06614ebc,Data/Tables/1_fake/table_0483.png,Tables,1,026c06614ebca6befdb2e41ecd8b234c5ab13715bc387bd0b3b16ed756b67601
DVP_103_0275720d8098,Data/UIScreenshots/0_real/8592.jpg,UIScreenshots,0,0275720d8098c365c8da9e9acec8b61ee1c599e59c53b605d36033e5307e4b91
DVP_104_0275cd7b3eb8,Data/CommercialPosters/1_fake/commercial_poster_0315.png,CommercialPosters,1,0275cd7b3eb8f123a9e97f5e7d7c56445abeae3c8677af912a5cadc6bbce7832
DVP_105_027e6cc64a46,Data/Tables/0_real/PMC5774156_table_0.jpg,Tables,0,027e6cc64a46e15000101d58aa19239a3637d5c17fec3d5d01654622d65d6e54
DVP_106_0285171d2cea,Data/UIScreenshots/1_fake/ui_0767.png,UIScreenshots,1,0285171d2cea342cabaf04994592fc47deb2be50e62cb0bf799dd8c84f6a3852
DVP_107_028675fa3647,Data/Receipts/0_real/X51006620186.jpg,Receipts,0,028675fa364760a53b074a2c592bf9429b18ef4eebb188aacfb4038a1c833458
DVP_108_028b65d87e95,Data/InfographicCharts/1_fake/infographic_chart_0469.png,InfographicCharts,1,028b65d87e9592a0acc1bc531e7dbf9ebc73b0d22206bcf14044628c8910f49e
DVP_109_028c03e060d4,Data/UIScreenshots/1_fake/ui_0496.png,UIScreenshots,1,028c03e060d4893a692ea18b380cb2583569ed7edd66cf697902abd3d2b1fdcb
DVP_110_028f5270e575,Data/InfographicCharts/1_fake/infographic_chart_0384.png,InfographicCharts,1,028f5270e57592eb62c3b613368f1446c50c388dba89ea65f75e9f76bc569ebb
DVP_111_02928c727622,Data/CommercialPosters/0_real/5bf28e0d41fdeab19f9d2597_preview.jpg,CommercialPosters,0,02928c7276226501d387bfe25814ce2bf9b8cea18b1414f8377810fcf516112e
DVP_112_02a4e6d7446a,Data/AcademicPosters/0_real/NeurIPS_2022_63439_Structured Priors for Disentangling Pathology and Anatomy in.png,AcademicPosters,0,02a4e6d7446a45f368e943a7cb28837674a77bbdce67bbc06809ebfd0fd512a5
DVP_113_02b7f3ee0064,Data/CommercialPosters/0_real/5c373fba048d064dbc2a96ca_preview.jpg,CommercialPosters,0,02b7f3ee00644cb388fe63131b22e19356cc87d3f36eca6e8aa8e4574c1fd19e
DVP_114_02b9966d5a47,Data/AcademicPosters/1_fake/academic_poster_0110.png,AcademicPosters,1,02b9966d5a47ae7cb79a03f8516cf44bf76f149b7d0741bf552db879e5c9a2ee
DVP_115_02baf01caec4,Data/InfographicCharts/0_real/00014510.jpeg,InfographicCharts,0,02baf01caec4c596bebbd284566d10f8835f7089741ce8d26d7db62a87397874
DVP_116_02beb0a67404,Data/InfographicCharts/0_real/00055388.jpg,InfographicCharts,0,02beb0a67404f074c25bc7d42ac9cd9bc8a335fa216f88f479da13880db06e2a
DVP_117_02c2c2109c2c,Data/Receipts/1_fake/receipt_0847.png,Receipts,1,02c2c2109c2c963f2e300d2f7806e2286932f9c21613591a1b73112cbc915084
DVP_118_02c420df5932,Data/Receipts/0_real/X51005705784.jpg,Receipts,0,02c420df5932183e372d14ee5a7abc9599b45a1579dd0814a21037d86521ac85
DVP_119_02cc39f73e5d,Data/AcademicPosters/0_real/NeurIPS_2023_71807_Practical Differentially Private Hyperparameter Tuning with .png,AcademicPosters,0,02cc39f73e5d7257486d34f2fd916962be584f628a3bf508cf38675ed0bcf7f8
DVP_120_02cdf19a37bd,Data/Receipts/0_real/X51005676539.jpg,Receipts,0,02cdf19a37bd4fd8f261ae080e3b3e7b9e7bcb2dd920bf2d2fed562faa54d9f6
DVP_121_02ce358ab638,Data/UIScreenshots/0_real/8560.jpg,UIScreenshots,0,02ce358ab6389796a9dfb76233f3606294ca2563c0eaf19e93a5343323415bfa
DVP_122_02ce3fd63e2d,Data/AcademicPosters/1_fake/academic_poster_0503.png,AcademicPosters,1,02ce3fd63e2dd97466515812f261ef3a8b39fcf8a3059bdba3b345d09746dfff
DVP_123_02d2900ddb7d,Data/UIScreenshots/0_real/56610.jpg,UIScreenshots,0,02d2900ddb7d598e8a89030c75229e01ddde9a137b981c9bc53ae4625ad0dcb0
DVP_124_02e23210677c,Data/CommercialPosters/1_fake/commercial_poster_0288.png,CommercialPosters,1,02e23210677c42688674e8f8f0414665b1854fd15957c249f9831197a35bdf89
DVP_125_02e54b8f701c,Data/Tables/0_real/PMC5978986_table_4.jpg,Tables,0,02e54b8f701c41531a98274f9e2d7c3e326b8be007a8f36b6fb3b56319497fd2
DVP_126_02e5f6f2c44f,Data/Tables/0_real/PMC3212908_table_1.jpg,Tables,0,02e5f6f2c44faa00856f5a07c7212d63355d0e95acc5782a85d1b8d4537b25fe
DVP_127_02f21a1a3a1c,Data/InfographicCharts/1_fake/infographic_chart_0500.png,InfographicCharts,1,02f21a1a3a1c08c7291531a9d794c28f83bc8db0024dfada6ed02b06b33f85ed
DVP_128_0301352ea55d,Data/CommercialPosters/1_fake/commercial_poster_0487.png,CommercialPosters,1,0301352ea55dd0d0378c22d085e07c12a8ba787730f13634f3e87a3998885d2c
DVP_129_030439c19eb0,Data/Receipts/1_fake/receipt_0397.png,Receipts,1,030439c19eb0cf9316e434e6bec7479f752e4d7c4f743049156838ac7460e727
DVP_130_0304baffb657,Data/AcademicPosters/1_fake/academic_poster_0593.png,AcademicPosters,1,0304baffb657d5dcf78acf53ed6d18e446778483b006f7f0690277a5d4d94f2c
DVP_131_0306afffdb58,Data/UIScreenshots/1_fake/ui_0682.png,UIScreenshots,1,0306afffdb58f504def478eb39de6a7b7633dd4a2561ad962eb9da691b44bd95
DVP_132_030983c8fa4b,Data/InfographicCharts/1_fake/infographic_chart_0807.png,InfographicCharts,1,030983c8fa4b6300308b018d6acd18127780fb14148fb9f9ff2dd79f9d69cbff
DVP_133_0312b40955d7,Data/InfographicCharts/0_real/00027443.jpeg,InfographicCharts,0,0312b40955d76138fc2b905c34255fca1fb4e29c08a1b2ade1e0f8701a569795
DVP_134_03136ff596c5,Data/Tables/0_real/PMC4832563_table_5.jpg,Tables,0,03136ff596c578ce7b14a441c7f50960636c4ebcef4797dc40405ddf344195b2
DVP_135_0318c2e08df7,Data/Tables/1_fake/table_0487.png,Tables,1,0318c2e08df707295cd0db4d3a26157add6d5b627a7cd25965cf5e8d59f336af
DVP_136_031ee141cbe8,Data/Tables/1_fake/table_0411.png,Tables,1,031ee141cbe8852f8c076b710c75e9a809d0d37b9871be0a0911059bc77e58e1
DVP_137_0323464245f0,Data/Receipts/0_real/X51008142005.jpg,Receipts,0,0323464245f0edc1269a7e9e26fbcae527b1a35e395fb273fba48cfd554b9558
DVP_138_0324926d8fb3,Data/InfographicCharts/1_fake/infographic_chart_0869.png,InfographicCharts,1,0324926d8fb3dda1bfe503e389ebe3cb4fc52c2d2375d7fb8977b3bb40412f9d
DVP_139_0325723ec38b,Data/CommercialPosters/0_real/5ca7253923c829c8213e6cd2_preview.jpg,CommercialPosters,0,0325723ec38b8067f442b19c2616c7d2708aa52b181ae928907f6aace38c0fa4
DVP_140_0334eaf629db,Data/Receipts/1_fake/receipt_0989.png,Receipts,1,0334eaf629db50282f99e94ccb00f49008b179fb6caf36e30914bd76b2492932
DVP_141_03361b066ff3,Data/UIScreenshots/1_fake/ui_0492.png,UIScreenshots,1,03361b066ff37408cf658eaf2f5b991380ff308a5d38f14efea1a6e8615b8616
DVP_142_03373680c2ff,Data/InfographicCharts/1_fake/infographic_chart_0290.png,InfographicCharts,1,03373680c2ffe1261556a328e7df2fefd8b7b6f5e085dbfba8cecdb2eeca3f00
DVP_143_033c0b04d0e8,Data/CommercialPosters/1_fake/commercial_poster_0476.png,CommercialPosters,1,033c0b04d0e8d9c3abe365b2b19a555a63444d132c6f6f790cb6354716d9b787
DVP_144_03418685a0a2,Data/InfographicCharts/0_real/00003308.jpeg,InfographicCharts,0,03418685a0a2020995a191cedc5db267bb15573a2484f4ac7d0790a62fadc57b
DVP_145_0342518b0885,Data/CommercialPosters/1_fake/commercial_poster_1007.png,CommercialPosters,1,0342518b088523415cde21524d086f1597135625a81a6a7c649787840370161d
DVP_146_0354770c085a,Data/CommercialPosters/1_fake/commercial_poster_0954.png,CommercialPosters,1,0354770c085a056b621b6cbc17844d83bda094ba1dbe85c9a2b1da4d57b52a46
DVP_147_035dcdeffaa7,Data/Tables/0_real/PMC3661592_table_2.jpg,Tables,0,035dcdeffaa7103a26216d9b2d3b51a3c4cfa50843ea23d29628444723b1d651
DVP_148_0375f6440449,Data/Tables/0_real/PMC1459855_table_0.jpg,Tables,0,0375f644044981038aa7d1ea2f3f35bfcbde40eb13a66140b8d1d17c32e1a50c
DVP_149_037c5b2e99f7,Data/UIScreenshots/1_fake/ui_0391.png,UIScreenshots,1,037c5b2e99f7c89a9f686ca0205ee19858a24f029b22e1110ad591f332fc8365
DVP_150_0387660d36e6,Data/Receipts/0_real/X51006556596.jpg,Receipts,0,0387660d36e6f85844ac53f62ed27adc800eeed93b45ec0c43bbb0e0428dc98b
DVP_151_03877dd71d94,Data/UIScreenshots/1_fake/ui_0157.png,UIScreenshots,1,03877dd71d942c08a9978c336f576bfc3ff855fe9a5f0642b5d9e9891b414472
DVP_152_038afef990e9,Data/CommercialPosters/0_real/5b63218b1cc8aa5429d05997_preview.jpg,CommercialPosters,0,038afef990e988acf7b075f5dd903cf7065e6dd058f4d7699024a3a2910a4bca
DVP_153_038d09fb52e0,Data/AcademicPosters/0_real/ICLR_2023_13489_Understanding forest resilience to drought with Shapley valu.png,AcademicPosters,0,038d09fb52e098e3a46dd38516654197b6a583a694c2b7450f78b63035984e95
DVP_154_038ec4d9acc9,Data/InfographicCharts/0_real/00047167.jpg,InfographicCharts,0,038ec4d9acc9a55e0b4f3ded0d24fa07ced66a323ff823ca7909c59d2095c55e
DVP_155_0397ead33b36,Data/CommercialPosters/1_fake/commercial_poster_0546.png,CommercialPosters,1,0397ead33b36ccbed6bdc34b8b81a8eecfe622dbcd20aa6c52479ba7897be347
DVP_156_039851574579,Data/CommercialPosters/1_fake/commercial_poster_0033.png,CommercialPosters,1,039851574579104ff84b28f052ef3fe0005b0cae31868559893828d529ec06cd
DVP_157_039dcd37c70e,Data/InfographicCharts/0_real/00041832.jpg,InfographicCharts,0,039dcd37c70e90a0ff9174306e062305ef6a5f5d0cb17ff324e8c318a2603d6c
DVP_158_03a14c2ed9fb,Data/CommercialPosters/0_real/5bd9d0459259f9ba54b31cf9_preview.jpg,CommercialPosters,0,03a14c2ed9fb046d0a8011fca029f4ac0b247fcbf5831604bc4c6042ebbcfa1a
DVP_159_03a8a35a4bdf,Data/InfographicCharts/0_real/00048468.jpg,InfographicCharts,0,03a8a35a4bdf942b0c8215aa267c458b5661d9324394d1bed6fa3c24dbfc9015
DVP_160_03aad9447ce8,Data/Receipts/0_real/X51005763958.jpg,Receipts,0,03aad9447ce890ce1f682e962c958f06e41cb1b01ef19c2940c360d3ee1f4087
DVP_161_03ac139de54c,Data/CommercialPosters/0_real/5ba112a218654940f77b1f5b_preview.jpg,CommercialPosters,0,03ac139de54c3edaf8002e555e8bb5d1df9a4d2fe5d5bc6d6474e8feae7fa315
DVP_162_03b003a6be84,Data/CommercialPosters/0_real/5bd04ade78e1194aa6dcd297_preview.jpg,CommercialPosters,0,03b003a6be84b0b1a51ff6a2b08b3e9f83ea82db3b62f56fb93ec324faf06d9e
DVP_163_03b7647ad693,Data/UIScreenshots/1_fake/ui_0569.png,UIScreenshots,1,03b7647ad6935d45fa17ed921598de04c82551c915b399fd3817925dce320277
DVP_164_03b8c995fbde,Data/UIScreenshots/0_real/32067.jpg,UIScreenshots,0,03b8c995fbde8948ae306daddbd8c57243adcf9e7bac749f15d9f65b9dd9c203
DVP_165_03c37c8a842e,Data/CommercialPosters/1_fake/commercial_poster_0578.png,CommercialPosters,1,03c37c8a842e3fc8d710e4c48a93cb6d4c47552c16ea66fd9f236e10794f71d8
DVP_166_03c659caa782,Data/Receipts/1_fake/receipt_0271.png,Receipts,1,03c659caa7822fa1d756c155d27598900846b1d981ef53d8e659d0190352329a
DVP_167_03c8de266eae,Data/Tables/1_fake/table_0921.png,Tables,1,03c8de266eae05d1654e6d4b48210b1578e3b1692dfcf779ed5abb90967b179f
DVP_168_03d3999357b4,Data/UIScreenshots/1_fake/ui_0583.png,UIScreenshots,1,03d3999357b4a8f119dd95cee42963df79816ec35b4432055899f0f5b083bc2b
DVP_169_03e5c2e492ad,Data/InfographicCharts/0_real/00035241.jpg,InfographicCharts,0,03e5c2e492adbc88c40b2b3a69d4c7cb016f140ec749fb9ee732f4ff121dbe4c
DVP_170_03e68175455f,Data/AcademicPosters/1_fake/academic_poster_0759.png,AcademicPosters,1,03e68175455ffcbb4deea511f2f282610eea9637c1604197b0e70e9e92316c28
DVP_171_03e8abbcb43d,Data/UIScreenshots/1_fake/ui_0886.png,UIScreenshots,1,03e8abbcb43da796ff83772d733cd341e47a1f81e27e1031b2380213748c9a5b
DVP_172_03f4be77758e,Data/InfographicCharts/1_fake/infographic_chart_0158.png,InfographicCharts,1,03f4be77758e710c1085571d87a9f279c66619541bc65573b4dcab6733387c11
DVP_173_04043f432f31,Data/CommercialPosters/0_real/5a2304e8d8141396fe9a848b_preview.jpg,CommercialPosters,0,04043f432f310effcb93c0e409dcc5f08e809f274897e79ee7c22d0ebe04e54a
DVP_174_04206ec3a991,Data/Tables/0_real/PMC3475003_table_0.jpg,Tables,0,04206ec3a9913844af48f441d2a020f41e2c9690dcf4a4d3c6668584c1dee8b3
DVP_175_042344ee216c,Data/UIScreenshots/0_real/388.jpg,UIScreenshots,0,042344ee216cfb738ea196daee3d3020c11cf32f41eede916cc1c2afa3271575
DVP_176_042b2bd0f18b,Data/InfographicCharts/0_real/00011412.jpeg,InfographicCharts,0,042b2bd0f18b52bfbab3eb2b650af920ce06fc9a97df2fef07728616a28c5eae
DVP_177_042ba6e59683,Data/Tables/1_fake/table_0548.png,Tables,1,042ba6e59683bb2f49ff0eff2709bfea925e7e93ae9fd892de3732ec200a0ab2
DVP_178_042e15f234bd,Data/AcademicPosters/0_real/ICML_2023_26497_Latent Space Editing in Transformer-Based Flow Matching.png,AcademicPosters,0,042e15f234bd7461e7715f6ce155ed636f8f1b6b9e84101d571e5ce4327ae9bc
DVP_179_04374a4148aa,Data/AcademicPosters/0_real/ICLR_2024_18536_Sin3DM_ Learning a Diffusion Model from a Single 3D Textured.png,AcademicPosters,0,04374a4148aa25e43773252f0aa1f6e3f6d38c02acca417c7e6c84d38eae1d40
DVP_180_0443de151181,Data/Tables/1_fake/table_0612.png,Tables,1,0443de15118135707d4ab898fd3fd72e5d043546f9c303a13dce82fe1186ff83
DVP_181_0445b374d1b4,Data/Receipts/0_real/X51005433514.jpg,Receipts,0,0445b374d1b49e3fd501912622828de29a04e3ecafc48127154ceb8ad7b7dbf2
DVP_182_044abe50d348,Data/UIScreenshots/1_fake/ui_0773.png,UIScreenshots,1,044abe50d348d9cf4fece3de47d8dca7285486f1b39cf9e301b1c76c3c39b3ee
DVP_183_044bf533b792,Data/InfographicCharts/0_real/00040318.jpg,InfographicCharts,0,044bf533b7922fe6eef61d79010c69c01f3163f22c22af00c1e82c92723f64fc
DVP_184_0461bc03749e,Data/CommercialPosters/1_fake/commercial_poster_0969.png,CommercialPosters,1,0461bc03749e5d2b2658f872e3bf79e422608c602f33f8adec8389e28b967ea7
DVP_185_046302a49031,Data/Receipts/1_fake/receipt_0878.png,Receipts,1,046302a49031d00df97a8068318c2a73a4667309b5cb54bf375e46f414b985aa
DVP_186_0465d5cbc490,Data/AcademicPosters/1_fake/academic_poster_0954.png,AcademicPosters,1,0465d5cbc490c0c597a4b893ba1262a88f7ee87b2190588c06b9fa6178300528
DVP_187_0469d2b04791,Data/Receipts/0_real/X51006913060.jpg,Receipts,0,0469d2b0479167f7e2e668067de586c28c06ecde57dfa7ded3ed5783d12dd0a4
DVP_188_047ae93816b5,Data/CommercialPosters/1_fake/commercial_poster_0782.png,CommercialPosters,1,047ae93816b5368ba5d7d457a01378013b32e3128ff9b43a636c3803d42c4e50
DVP_189_047b26ce1df2,Data/Tables/1_fake/table_0043.png,Tables,1,047b26ce1df2d90cb2fe5036e918de9eacbe9b4aea553788865909c818c254a8
DVP_190_047f94cd2662,Data/CommercialPosters/0_real/595267e695a7a863ddcde901_preview.jpg,CommercialPosters,0,047f94cd26621679ceec5d46665595dd01b63f409183a5494d78cd21217de0a4
DVP_191_04804586f4c6,Data/CommercialPosters/0_real/5c5afbe7048d064dbc341830_preview.jpg,CommercialPosters,0,04804586f4c643c8dc6850eb860c002e6000c4192652b7791986875af64d3e17
DVP_192_048c22541787,Data/UIScreenshots/0_real/21654.jpg,UIScreenshots,0,048c22541787ba2f0cc4d31f6644d57ce6c184d0c45a4b276275b51c7b953816
DVP_193_048c859d70ad,Data/UIScreenshots/0_real/36775.jpg,UIScreenshots,0,048c859d70ad7ffeed3216b21ac440c4e2a802b02b0298ea0f5e45606d9d2aa5
DVP_194_049011cca525,Data/CommercialPosters/0_real/5bc614b978e1194aa6ddb13f_preview.jpg,CommercialPosters,0,049011cca525a7f14c470f21d75984f92ed591058d924f2f15f852a9204eb094
DVP_195_0493d80fb427,Data/Receipts/0_real/X51006619790.jpg,Receipts,0,0493d80fb4279d0c1b07607e8b1f89cc0b407e205914973784d48f60f5bd1d62
DVP_196_0497ef8ea70e,Data/CommercialPosters/0_real/5e81bff04b3890eb0701ad7f_preview.jpg,CommercialPosters,0,0497ef8ea70e98a63bf3c869be34a21e00d6c623983860a8ea2727ca21fb7f07
DVP_197_049a2d8967d4,Data/CommercialPosters/0_real/5a217f4ed8141396fe9a300b_preview.jpg,CommercialPosters,0,049a2d8967d477902f365d7782efa3204e66f7f96295a17eb2a9590e604564cb
DVP_198_04a0447b3c66,Data/CommercialPosters/1_fake/commercial_poster_0136.png,CommercialPosters,1,04a0447b3c663ccbda8fe33039de465d022057b6c38302107610f3a0a25c4723
DVP_199_04a0d7791ed9,Data/UIScreenshots/0_real/6068.jpg,UIScreenshots,0,04a0d7791ed9598b7836305dae92b1e014b940f66baf83e595625da7ed6ec7ab
DVP_200_04a4f6f76a71,Data/CommercialPosters/1_fake/commercial_poster_0496.png,CommercialPosters,1,04a4f6f76a7105e6e0bb2bb2d57ce29a64e9dccd7469b7f5b911046ee8e9d940
DVP_201_04afcd64dc6f,Data/UIScreenshots/0_real/54812.jpg,UIScreenshots,0,04afcd64dc6fcb0df2795ab55ed742ab858a823b7ae5ace7a89d68cc68317c5b
DVP_202_04b0d548e7ef,Data/Receipts/0_real/X51006619862.jpg,Receipts,0,04b0d548e7ef33ade3fd3eed89714994fbfb6360d04e17454b01ae39d2ffcd78
DVP_203_04b1f35f7cd2,Data/Receipts/0_real/X51005568911.jpg,Receipts,0,04b1f35f7cd2391ee7f27c5c9407e59cae9829ed4580fdb231e8a3941fcd9f41
DVP_204_04b76022cec2,Data/Receipts/0_real/X51006328913.jpg,Receipts,0,04b76022cec228bc77687c329ac138d220eec0faa9f7dade393273d0c81049c6
DVP_205_04bace07540b,Data/UIScreenshots/0_real/36973.jpg,UIScreenshots,0,04bace07540b923fa094270521822d8a622994b7c52c2182394f4616b3cd7c3f
DVP_206_04bb458310c6,Data/Receipts/0_real/X51005230616.jpg,Receipts,0,04bb458310c6c3e7ea954333e72380b98a0f157ace503302e7e1edbb4e460edb
DVP_207_04be1decd5a7,Data/Tables/0_real/PMC5845752_table_0.jpg,Tables,0,04be1decd5a72491407a6258f22c905c7f9cb919e827d3419b93f880e9a39428
DVP_208_04c2386e1098,Data/AcademicPosters/1_fake/academic_poster_0437.png,AcademicPosters,1,04c2386e1098d1f3fb622785146c4dccea93b1780951bd89c4e3fac05ff4daba
DVP_209_04cb18c188df,Data/AcademicPosters/0_real/ICML_2024_34587_FairProof _ Confidential and Certifiable Fairness for Neural.png,AcademicPosters,0,04cb18c188df4fd1e7797537497f27cc2416b283c696fde0545839fe8527451e
DVP_210_04cb7826c9d6,Data/UIScreenshots/0_real/46583.jpg,UIScreenshots,0,04cb7826c9d64ad4b18412c71d87ec8f18c1d30e8756e433d29bfb511457f515
DVP_211_04da34087c91,Data/Receipts/1_fake/receipt_0015.png,Receipts,1,04da34087c91e68c258c76403187c50f4505d0fd2676a342faef2deb73ce368b
DVP_212_04dad64a120e,Data/AcademicPosters/0_real/ICML_2024_33627_Unbiased Multi-Label Learning from Crowdsourced Annotations.png,AcademicPosters,0,04dad64a120e3b7b6d1573bd4dd51f8a5bfcf61d2a89b8e725b9fc5be001b41d
DVP_213_04dde085746c,Data/Tables/1_fake/table_0624.png,Tables,1,04dde085746c1f44f0244c19d8502a7bda895677b9324f933e3b63c2cae818d0
DVP_214_04e008138b45,Data/Tables/1_fake/table_0310.png,Tables,1,04e008138b45780237fe8f5308918452ad1e45b26a15f87dbf762157c13b2dc0
DVP_215_04ecaa8382b4,Data/AcademicPosters/0_real/NeurIPS_2023_69881_Scalable Fair Influence Maximization.png,AcademicPosters,0,04ecaa8382b4c78ffdb355840b614b7e5e875b88b91416080f96dfa935ccab5c
DVP_216_04ecfe00d3bf,Data/CommercialPosters/1_fake/commercial_poster_0797.png,CommercialPosters,1,04ecfe00d3bf08b9855701cf0944e592c15f41426deff4cd9d47afc070bf5708
DVP_217_04ee1825c968,Data/Receipts/1_fake/receipt_0311.png,Receipts,1,04ee1825c968ca6e7cbf9189e8069510afe634f70ba494d2994759665c91483b
DVP_218_04f0e05bd948,Data/AcademicPosters/1_fake/academic_poster_0665.png,AcademicPosters,1,04f0e05bd9484f119fc5294d82f5649f8e520a08b702e78ff978a5b841394839
DVP_219_04fccf89aa24,Data/AcademicPosters/0_real/ICML_2023_25167_A Study on Transformer Configuration and Training Objective.png,AcademicPosters,0,04fccf89aa24a41bd1cc4cd5a7fc8233181d811ed1b57d037a4581caec4233f5
DVP_220_04ff3a203ea1,Data/InfographicCharts/0_real/00000043.jpeg,InfographicCharts,0,04ff3a203ea1a7f73635bd6a3a2ab353b2966c17d5c4fceca19c1bf6877fc7ca
DVP_221_05057e775dfb,Data/InfographicCharts/1_fake/infographic_chart_0291.png,InfographicCharts,1,05057e775dfba0704abb2cd00f5e70fe373e9f07c9c862b078a58f7564ee40db
DVP_222_050f95ac8ef6,Data/InfographicCharts/1_fake/infographic_chart_0138.png,InfographicCharts,1,050f95ac8ef6043d1c753c8b83c3853f39f7723bd28df85a8e87092fdd612cfd
DVP_223_051415fdb3ce,Data/Receipts/0_real/X51005568855.jpg,Receipts,0,051415fdb3ce3f78967fdf66edfdbb77a98ed40cd0c448bc1a82a387eb3fe002
DVP_224_0517d958fb6b,Data/CommercialPosters/1_fake/commercial_poster_0790.png,CommercialPosters,1,0517d958fb6bb283a0e7a8931c26d99ac96681fd793b62ff24ffbe2e4a7cc90a
DVP_225_05251c333219,Data/Tables/0_real/PMC2890534_table_1.jpg,Tables,0,05251c333219ea4b8e9ace09e5d5c5a38f8ccc914ca73c7f0450518d53f97e53
DVP_226_052be9ccc57a,Data/AcademicPosters/1_fake/academic_poster_0415.png,AcademicPosters,1,052be9ccc57aaf5c60f5ce27390c6cec29aa8871b40916ffb112506c91f00c6e
DVP_227_053539053575,Data/CommercialPosters/0_real/5c179df4133a785392caf325_preview.jpg,CommercialPosters,0,0535390535758a98e044d66a0a886b59f976e787ac2676135257792ad066153d
DVP_228_05357c165fa8,Data/CommercialPosters/0_real/5b0d431e1eb1c99e2a8014bb_preview.jpg,CommercialPosters,0,05357c165fa8f0494bfef832864be3b84b497f4238a27d94e8d3838974a02cc9
DVP_229_053bd991248f,Data/Receipts/1_fake/receipt_0072.png,Receipts,1,053bd991248f5b73fdd98b0bbc6794dcfe00e6e058e2ff2ccdb2d1ffeec80792
DVP_230_054b5ff2e9db,Data/InfographicCharts/0_real/00052682.jpg,InfographicCharts,0,054b5ff2e9db572ab763be3ce8221704257a7056b72dfa179b9d7dfb37422966
DVP_231_054ccee07886,Data/UIScreenshots/0_real/5871.jpg,UIScreenshots,0,054ccee07886654f2673d999eef3474b9d0441ff32b2efc69a43788045a5dd43
DVP_232_0557ecf841ed,Data/Tables/1_fake/table_0858.png,Tables,1,0557ecf841edfc6cf39986307a6125b5f1859a99f8c8546507314c686f35fca7
DVP_233_055881711938,Data/Receipts/0_real/X51008030561.jpg,Receipts,0,055881711938ab25d32bf3adcc897cc23f79d71c3691cb75373b5fa3ac6ed874
DVP_234_05652e2f5c76,Data/Receipts/0_real/X51005587254.jpg,Receipts,0,05652e2f5c76fd7030a2103027648471026d907c066501a9a0c9d9d99c728ea3
DVP_235_056a4f4b96eb,Data/AcademicPosters/1_fake/academic_poster_0649.png,AcademicPosters,1,056a4f4b96eb1575ea3745b6417eb1b07230cab8684cb2f2ccb0e1f19c27ef9a
DVP_236_056c730887a6,Data/UIScreenshots/1_fake/ui_0366.png,UIScreenshots,1,056c730887a693b107cb96782b230846adeaafad165aedda37007cad6757682e
DVP_237_0574f4250145,Data/Tables/1_fake/table_0104.png,Tables,1,0574f42501456d08245e917993d078eaffb769fbfccc82f6380de8a9332cee70
DVP_238_0577b5ec76f7,Data/Tables/1_fake/table_0557.png,Tables,1,0577b5ec76f77d45fa9db9994b809c6a52206e5a732dcbfe4dcb85f2b7a59d53
DVP_239_0578de0713ab,Data/Tables/0_real/PMC5023853_table_2.jpg,Tables,0,0578de0713ab27ab0948ea61524f32575d3a331023748fdeeb47b5c276eaa894
DVP_240_057a58b188c4,Data/UIScreenshots/0_real/20401.jpg,UIScreenshots,0,057a58b188c416558e04bf59ecc88f5f391544d596121fac144171c4ab1f4241
DVP_241_057c47f53b57,Data/CommercialPosters/0_real/5c628d0c85ea3c16f97b82c0_preview.jpg,CommercialPosters,0,057c47f53b578dcd4b94b9042b97fad4b3549dd518d6fc081df2c8c268fcc33a
DVP_242_057cb83b5492,Data/Tables/0_real/PMC4691410_table_2.jpg,Tables,0,057cb83b549219271d7b115ebd45841b431ed0dc40d5889f73942f3a29d4e4b4
DVP_243_0580f91e5eb6,Data/Receipts/1_fake/receipt_0870.png,Receipts,1,0580f91e5eb666f7381fbab5cc089ed82ad53328e3cdab0691ab76ae84bdcb15
DVP_244_058149c3cbf6,Data/UIScreenshots/1_fake/ui_0898.png,UIScreenshots,1,058149c3cbf68baf6504eb9522f7c3f9470700853c4a904dae36a61770fce510
DVP_245_05859fa4600a,Data/UIScreenshots/0_real/30518.jpg,UIScreenshots,0,05859fa4600af9266dbf4f07f518e908761989d58aa6f2d29c20f6ec609a580e
DVP_246_05878b2bce2e,Data/InfographicCharts/0_real/00015670.jpeg,InfographicCharts,0,05878b2bce2ecec8eef9a0b496520c0143fc316c20b597cffd72f5555a9fb3cb
DVP_247_0591dae24548,Data/InfographicCharts/0_real/00043529.png,InfographicCharts,0,0591dae24548b6ad7f4f1726614b28439e26ddb689d54dba30cef39d2b5da679
DVP_248_05963696e4fa,Data/UIScreenshots/0_real/37894.jpg,UIScreenshots,0,05963696e4fafd204b90577047160b0071faefec6248d87289a8881c97d4c179
DVP_249_05a521d83271,Data/CommercialPosters/1_fake/commercial_poster_0687.png,CommercialPosters,1,05a521d83271042c5ef99c294d4976d648be72efdbd0246bae2374561c08f1c7
DVP_250_05a71a0b6a74,Data/UIScreenshots/1_fake/ui_0199.png,UIScreenshots,1,05a71a0b6a74cc0299596c826b50fb34c196cec99fbc31199df7271f30af3422
DVP_251_05ae9200a6ac,Data/AcademicPosters/0_real/ICLR_2023_11960_Graph Domain Adaptation via Theory-Grounded Spectral Regular.png,AcademicPosters,0,05ae9200a6ac2a836a103b2429f7296ca9904e072be250bea04c2a1c8ec7cfe8
DVP_252_05af351b86a9,Data/Tables/0_real/PMC2913519_table_0.jpg,Tables,0,05af351b86a9ac75bb15cf5f6e474480c8bdeceba45cfe2a4b4b6e0ec73e6fb0
DVP_253_05b305662210,Data/AcademicPosters/1_fake/academic_poster_0662.png,AcademicPosters,1,05b305662210401a1cdfbd95dbbe0d1added5a4ae4f7bd426d88762b44d39efa
DVP_254_05b44799ffcb,Data/AcademicPosters/0_real/NeurIPS_2023_79027_FDAPT_ Federated Domain-adaptive Pre-training for Language M.png,AcademicPosters,0,05b44799ffcbb343ea9e7ffacc422900557e8841631324de6d3eeb173b0ed84e
DVP_255_05b5bf5f25c6,Data/CommercialPosters/0_real/5e8efacb4b3890eb0762650f_preview.jpg,CommercialPosters,0,05b5bf5f25c6ecc33764f60e820880a9161d830a14406e2097bd74ff536105e4
DVP_256_05bcf0e4390b,Data/Tables/0_real/PMC3629084_table_1.jpg,Tables,0,05bcf0e4390b1a5c1b849250f2a11b68c3f89ac02ce8a6931da76dc11049d32b
DVP_257_05d6d75ba1a4,Data/Receipts/0_real/X51005715456.jpg,Receipts,0,05d6d75ba1a4a52201b6ad43278a8f593bed30be49b3416efb457271b305061d
DVP_258_05dd51433e7a,Data/InfographicCharts/1_fake/infographic_chart_0884.png,InfographicCharts,1,05dd51433e7a1294556cad08ba3ae1294f48e359e733520788a99cee9108311f
DVP_259_05e49ad64133,Data/AcademicPosters/0_real/NeurIPS_2022_56617_Unmasking the Lottery Ticket Hypothesis_ Efficient Adaptive .png,AcademicPosters,0,05e49ad6413365c10b598130023fe863165c94434da2ca4bea2707cd3d82ccba
DVP_260_05e529f9cfda,Data/CommercialPosters/0_real/5b63217a1cc8aa5429d01796_preview.jpg,CommercialPosters,0,05e529f9cfda8d2c952cd4aae9648bad0eb6fe278507992279c162a1c007422a
DVP_261_05e8a2cd8626,Data/UIScreenshots/1_fake/ui_0239.png,UIScreenshots,1,05e8a2cd862621964293c99b86b8e854c1f6d2f3179c8d02c4399e21d67737a1
DVP_262_05f12da2185d,Data/UIScreenshots/0_real/545.jpg,UIScreenshots,0,05f12da2185d47534cb097031c98a9d38c4b4bb49a995a928c87b990ad962401
DVP_263_05f411beabc2,Data/Receipts/0_real/X51006619545.jpg,Receipts,0,05f411beabc2b44816a596b1cb67d39bec0d81fc3ffd310e00ff7f0618d63b75
DVP_264_05f715182da0,Data/Tables/0_real/PMC2906427_table_0.jpg,Tables,0,05f715182da0c5f9fe2cb8f8c2d61de51e82982a2569f1825283f1a8d6d797f5
DVP_265_05fd54a1df02,Data/Tables/1_fake/table_0488.png,Tables,1,05fd54a1df02a39c629cb094143ca0e529c94936bbcc567992b4cd7824e0d044
DVP_266_0604f19f6ccf,Data/Tables/0_real/PMC3269351_table_1.jpg,Tables,0,0604f19f6ccfd6a5b2b8759982e9cba427b00e0b405d918493007b8f3d61c0fe
DVP_267_0611c0c5312d,Data/UIScreenshots/0_real/21780.jpg,UIScreenshots,0,0611c0c5312d0688887a8a11dda867656ea7a1c4ae9b8720009585712ae07dd0
DVP_268_061bf1da0ccc,Data/UIScreenshots/0_real/36126.jpg,UIScreenshots,0,061bf1da0cccb7afb94e4835c584d6d404fcba3b27814ceb7cf05fa3ea748e60
DVP_269_061c926314fe,Data/Receipts/1_fake/receipt_0708.png,Receipts,1,061c926314fe5f2d7e5b05eab6ce0db5cd25727348096c95475a47f7d912a5ad
DVP_270_061daf4d2946,Data/Receipts/0_real/X51005361923.jpg,Receipts,0,061daf4d294617cb31987b227494ac66aa6cebbd5a2bee68eb6ac4a414a44f00
DVP_271_061ddbc60987,Data/Receipts/1_fake/receipt_0084.png,Receipts,1,061ddbc60987a3140c9ab83d51e006abc506c731333f5705d0af405d004dc015
DVP_272_06200c0d1051,Data/InfographicCharts/0_real/00041768.jpg,InfographicCharts,0,06200c0d1051eedca1c6bfa2a26a612fa01f1a0fceced8510fbe2fbc1db2941a
DVP_273_06219bb18793,Data/Receipts/0_real/X51005361897.jpg,Receipts,0,06219bb187939b6fad52ff6319bc55b55805352d780257bb91699c617b817628
DVP_274_0621d329f787,Data/CommercialPosters/1_fake/commercial_poster_0135.png,CommercialPosters,1,0621d329f787647350b30b82a8f12c35ce53796d7c043edc96eabe41d7cc5d78
DVP_275_0628a182956e,Data/Tables/1_fake/table_0191.png,Tables,1,0628a182956e2ada709bcc1a01d4a2aa657b768fb7589e77ef4f558569c7a427
DVP_276_062f0a8d0e3c,Data/UIScreenshots/0_real/67233.jpg,UIScreenshots,0,062f0a8d0e3c1607e4a78920cc98a2becdcd60dbb13d2766e838d5101b04228d
DVP_277_0638e1bd0404,Data/AcademicPosters/1_fake/academic_poster_0058.png,AcademicPosters,1,0638e1bd040408833bcdfea708717f444df9ba76305e96230c648f8754fc3199
DVP_278_063cae472877,Data/InfographicCharts/0_real/00001714.jpeg,InfographicCharts,0,063cae472877b7db6d2bbf6c43cc85181abc69a10d80e15c8099ad992e4c5736
DVP_279_0641ac087f4c,Data/AcademicPosters/1_fake/academic_poster_0035.png,AcademicPosters,1,0641ac087f4c21fdc97d20445086adba17d7ceb5391ac1144937066bc31574b6
DVP_280_0645ee0a1670,Data/CommercialPosters/1_fake/commercial_poster_0978.png,CommercialPosters,1,0645ee0a16708120ef8ba399666e69d60ef2eadc8a400f860821152978eecc5f
DVP_281_0648bc118ed2,Data/Receipts/0_real/X51005663280.jpg,Receipts,0,0648bc118ed2a99526db15fc8d26c44eddf7d91ec22ed3142414398d314e8d55
DVP_282_064b9bc8a243,Data/Receipts/1_fake/receipt_0810.png,Receipts,1,064b9bc8a243fabee3930d1c1b5b3cd934b4de14382853105fba1f3fe48e7a8e
DVP_283_064bd67843bf,Data/Receipts/0_real/X51007339638.jpg,Receipts,0,064bd67843bf4d415d4fcc44d56d15680fe67b2d2b4e030fd87905bad1d80932
DVP_284_065425d2189d,Data/UIScreenshots/1_fake/ui_0565.png,UIScreenshots,1,065425d2189d5a0e2babb1df641b63682b41a269c6e437a8560fd8cc3f2258ba
DVP_285_06544e05396c,Data/CommercialPosters/1_fake/commercial_poster_0086.png,CommercialPosters,1,06544e05396c4118ea3b3bf7ed1f753fade59fc8264d1822596275303b713080
DVP_286_066256a0f6aa,Data/AcademicPosters/1_fake/academic_poster_0208.png,AcademicPosters,1,066256a0f6aae4be4637046addf5cc660e39b3f1bd8d1716612ac2f6f49c7624
DVP_287_06658eb92da2,Data/UIScreenshots/0_real/33603.jpg,UIScreenshots,0,06658eb92da296124af23e2e252c99965b895a32227c4fbffd4ab28d8a050b10
DVP_288_0670ebd21693,Data/Tables/0_real/PMC4377020_table_0.jpg,Tables,0,0670ebd216930d73cd6c0e5464ceb7e60973d09dc9276075def11bba8b83488b
DVP_289_06712c21baa6,Data/Receipts/1_fake/receipt_0903.png,Receipts,1,06712c21baa6503af97c141189cb395602562f4bea8609a95e42eebf57c52fea
DVP_290_0674383e7fe1,Data/UIScreenshots/0_real/10208.jpg,UIScreenshots,0,0674383e7fe15119ea8ec793f0e171ed09baa1fe04ab2a4519bc387a171686d4
DVP_291_068341918411,Data/Tables/0_real/PMC2654886_table_1.jpg,Tables,0,0683419184119dd28301fc250fe255f4fe5465acdc97e0fb6c85a2c446d622ba
DVP_292_0684f21da187,Data/UIScreenshots/1_fake/ui_0442.png,UIScreenshots,1,0684f21da187ae28063c5929a758e7bcd3903679a400086b98d13ae4f4c66928
DVP_293_0685e95b5a54,Data/CommercialPosters/1_fake/commercial_poster_0971.png,CommercialPosters,1,0685e95b5a5428333895573b2428a624b72dbfbd665fc64e39a5d1080c1c1c8b
DVP_294_068d8471a4d5,Data/Receipts/0_real/X51006913030.jpg,Receipts,0,068d8471a4d570357a4d19d5a738650b6d0140888ad3854f3a5b8a14a797180e
DVP_295_06972b96417d,Data/Receipts/1_fake/receipt_0943.png,Receipts,1,06972b96417d6e29ac24788115dd9ed7b8d1dd397e14690ac453cfab2c731000
DVP_296_0697b2ffb70d,Data/CommercialPosters/1_fake/commercial_poster_0650.png,CommercialPosters,1,0697b2ffb70d55ec17453a3cdafd55722b0fe44a7bb079d230a71502b2878710
DVP_297_06a231a4a243,Data/InfographicCharts/1_fake/infographic_chart_0420.png,InfographicCharts,1,06a231a4a243a466aadc3fb5734c76b18ff20ce7c5581d72c2add08d69693431
DVP_298_06a4c332cdf7,Data/CommercialPosters/1_fake/commercial_poster_0015.png,CommercialPosters,1,06a4c332cdf7453f38bc2ce8f3d4e1555e6c1efbdc149d14ad293f4dfdd57f86
DVP_299_06a7329d6aaf,Data/InfographicCharts/0_real/00015128.jpeg,InfographicCharts,0,06a7329d6aaf156bd30942a3143b50bbdd79e9a61a10247fdcbd59d3fbdad675
DVP_300_06a8d7a82272,Data/InfographicCharts/0_real/00025518.jpeg,InfographicCharts,0,06a8d7a82272c73b9f2ae86113bc7f37ff19aaf656e4c104bbe987d3a68ed21e
DVP_301_06aa00aeed64,Data/CommercialPosters/0_real/5d0ced118cba87f9434d74f4_preview.jpg,CommercialPosters,0,06aa00aeed6427766f4470dab14c263a30d2d5a1f9ecfe22b173580f952044c3
DVP_302_06ac0fe5f1cd,Data/UIScreenshots/1_fake/ui_0593.png,UIScreenshots,1,06ac0fe5f1cd4fc4a26816fa1e23feb43d20ca430d7e138b4159dc2d37099332
DVP_303_06b1c8694802,Data/UIScreenshots/0_real/42992.jpg,UIScreenshots,0,06b1c8694802915cdc294a1a6f9de5204ded7c60cc322df1efb14d1d0c122586
DVP_304_06b2bbc0fb9e,Data/CommercialPosters/0_real/5c4f1cdc048d064dbc975701_preview.jpg,CommercialPosters,0,06b2bbc0fb9e02c527103745cf8e3f71cdf56492efdfb97d457077846940b3c4
DVP_305_06b9f09225e7,Data/InfographicCharts/0_real/00047765.jpg,InfographicCharts,0,06b9f09225e73e0ecac1a8c667defb4b18ed72ab52619c7776d183c3bc186db6
DVP_306_06c1784af6ad,Data/AcademicPosters/0_real/ICML_2024_33318_Catapults in SGD_ spikes in the training loss and their impa.png,AcademicPosters,0,06c1784af6adbbde371f10883b59d00dbf99225af0f41aae723f10da4507902f
DVP_307_06c7f5d60f28,Data/CommercialPosters/1_fake/commercial_poster_0258.png,CommercialPosters,1,06c7f5d60f288a9748e9fc44724e3636e121415296877a82acac5d4bbbbf2410
DVP_308_06cb90a39306,Data/Tables/0_real/PMC6119906_table_1.jpg,Tables,0,06cb90a393069bc676a0d342ddcc1b25b61182af6750563a1fd8c98b44c50a34
DVP_309_06cc3db4dfe8,Data/InfographicCharts/0_real/00017660.jpeg,InfographicCharts,0,06cc3db4dfe84c5bbfc880efdd6b528175add6fbead38c4fd4f209824bafc76c
DVP_310_06d0c2e0f7a0,Data/CommercialPosters/0_real/5e1c368f9fea0cc37464c063_preview.jpg,CommercialPosters,0,06d0c2e0f7a08065fb4cf903d2334d68f0b04859f751cc832fa1b8b8d30bb028
DVP_311_06e3f5c03243,Data/CommercialPosters/1_fake/commercial_poster_0083.png,CommercialPosters,1,06e3f5c0324327b1e24c6c3cf6e613bc1ee7e4676ee997e1ba9a5ac9a0a94882
DVP_312_06e7b7df153a,Data/CommercialPosters/1_fake/commercial_poster_0988.png,CommercialPosters,1,06e7b7df153abdc96b1f54aa152e3d7536e18af67656b58c8b8ba7536a4c9a99
DVP_313_06eac3a576af,Data/Tables/1_fake/table_0216.png,Tables,1,06eac3a576afbfe102f7603630eef3ed6bcdf55137e77ab47b3b757e828e0985
DVP_314_06ec60ab2600,Data/Receipts/1_fake/receipt_0733.png,Receipts,1,06ec60ab26006b5c7ef9046bf0766311965ea3d6639073c0dbf422bb84ec5b52
DVP_315_06ecad67a691,Data/CommercialPosters/0_real/5b55a9c900f9c6103aed8de4_preview.jpg,CommercialPosters,0,06ecad67a69156e66be3e19d45cead805d9c26a7053f8da52c8d5994a47ec1ab
DVP_316_06ee7f063244,Data/Receipts/1_fake/receipt_0414.png,Receipts,1,06ee7f063244307b9a286b9007c08f2776b536815d858df1c4a90301b7e1578c
DVP_317_06f5a62c28d9,Data/CommercialPosters/0_real/5d2365a58cba87f94353decc_preview.jpg,CommercialPosters,0,06f5a62c28d9b9b2dffc5805e6a9a9757a2363db9b17cead0732fba747d2e18b
DVP_318_06f5afb88d37,Data/Tables/0_real/PMC5037545_table_2.jpg,Tables,0,06f5afb88d371dfda9fb899e4e33b9ca7a6da225071f6b6a08cee32f7784f317
DVP_319_06f82248e7a0,Data/CommercialPosters/0_real/5eb28aa0499b85dcc7dceb20_preview.jpg,CommercialPosters,0,06f82248e7a0a5c5194ba04e2e767440ed5512bd19915aebcc40454755bd0ccd
DVP_320_06f9cddc3e0b,Data/CommercialPosters/1_fake/commercial_poster_0756.png,CommercialPosters,1,06f9cddc3e0b5bdfdca03db58a4d13c1ca8ff1eba5fa01c8fbde7d4e760e70ba
DVP_321_06fb2a9b4a68,Data/InfographicCharts/0_real/00051468.jpg,InfographicCharts,0,06fb2a9b4a688bacfd10fd63b6dcdb8e41b5c3fa573ce088f04dec28f2a5f7ae
DVP_322_06fb8db40b1f,Data/Receipts/1_fake/receipt_0673.png,Receipts,1,06fb8db40b1f5f83c64c3a9860cdd008472668fb861fc803a219b0109195b0f6
DVP_323_06fc157ffaa6,Data/Tables/0_real/PMC4547076_table_0.jpg,Tables,0,06fc157ffaa67c28445e44743a34c2a247a0e081042770e4ac2e6d598dbd8d51
DVP_324_07020cd515bf,Data/UIScreenshots/0_real/54869.jpg,UIScreenshots,0,07020cd515bf4223d809e586dba64cb0c4f4263c3481c6b5c80b22569cfac5e6
DVP_325_070354515253,Data/InfographicCharts/0_real/00046501.jpg,InfographicCharts,0,0703545152535b8d582f884c69899f4967f5ff36c396f371d8034937ecf4d798
DVP_326_0705e9598fb0,Data/InfographicCharts/0_real/00052745.jpg,InfographicCharts,0,0705e9598fb07a189814ada631ce1d651494000532b1cff678567b88b570915d
DVP_327_070847b1402a,Data/Tables/0_real/PMC5041408_table_0.jpg,Tables,0,070847b1402a737ec529d32e926381f4101936cffec0cbe1c7d0e97d2e44a070
DVP_328_07092f372b50,Data/CommercialPosters/1_fake/commercial_poster_1008.png,CommercialPosters,1,07092f372b50c923a6c468ce6c1e9299d092bfe31da8ff75ad98f70b9f05f956
DVP_329_070e9ce8ff27,Data/InfographicCharts/1_fake/infographic_chart_0855.png,InfographicCharts,1,070e9ce8ff27e2cc2a9fcee0b72445abc017b30c7674912ff07ecefbf2e02ab2
DVP_330_070ef28be0bf,Data/InfographicCharts/0_real/00009141.jpeg,InfographicCharts,0,070ef28be0bfd78ad365d9142cb23c2135b53707cf4995efce98ade0f3d7d6da
DVP_331_07132334c0a5,Data/CommercialPosters/0_real/5d5fab71cf657b21ef3a7a46_preview.jpg,CommercialPosters,0,07132334c0a5738f7f40775ef274f67abd0872a230060a97eb662921f309cdfb
DVP_332_07199f0cfd9c,Data/CommercialPosters/0_real/5d1c6eeb8cba87f94345eb31_preview.jpg,CommercialPosters,0,07199f0cfd9c24af2a914724735b29ddd1109250ea447adc06ff93d6347bb1ae
DVP_333_0719acecc8c7,Data/InfographicCharts/1_fake/infographic_chart_0750.png,InfographicCharts,1,0719acecc8c7647e32f4019e714c8066d135c95984711b65b7794ea83889e1ee
DVP_334_0721e3a0054b,Data/UIScreenshots/1_fake/ui_0811.png,UIScreenshots,1,0721e3a0054be554d2f639134b5d54280f4a37e8c7d74aa5b8dde3d21b915c4a
DVP_335_0730d4ca0586,Data/AcademicPosters/1_fake/academic_poster_0575.png,AcademicPosters,1,0730d4ca05862de7678c6799f7386ba74e0b67a5480448dd20b563d45ebc4ba1
DVP_336_0733c3e8a3b3,Data/Tables/0_real/PMC4910646_table_0.jpg,Tables,0,0733c3e8a3b30bd5ccd1f2ca2f9a50e18edfd08ebf473fe873bb6988d42666fa
DVP_337_074f3b847c71,Data/UIScreenshots/1_fake/ui_0853.png,UIScreenshots,1,074f3b847c7118cf987e8703f24816deafcb9e7ef066ae18a88cfa0934037a4c
DVP_338_0754370039b2,Data/Receipts/1_fake/receipt_0578.png,Receipts,1,0754370039b2b055722e8f8036a58512359bee85407e0fa4a20ad21644e47a09
DVP_339_07558c1260cc,Data/AcademicPosters/0_real/NeurIPS_2023_73498_RVD_ A Handheld Device-Based Fundus Video Dataset for Retina.png,AcademicPosters,0,07558c1260cc457c574ba8243186a5bd14d85c7419ef0c37172e383e3d27f0e9
DVP_340_075962414ea9,Data/AcademicPosters/1_fake/academic_poster_0830.png,AcademicPosters,1,075962414ea949a89e3ab3948a26939bd4e0e643dc0a9e53047ca5a0ff328784
DVP_341_075a99b5d711,Data/CommercialPosters/0_real/5928148995a7a863ddcd9377_preview.jpg,CommercialPosters,0,075a99b5d71144ff977aabee1b6a79214e17967e4853e760617e3f4c89f84560
DVP_342_0765cd7af24d,Data/AcademicPosters/0_real/ICML_2022_17197_Unified Fourier-based Kernel and Nonlinearity Design for Equ.png,AcademicPosters,0,0765cd7af24d26a1783eaa3d58146f5965b9d8ffdfe1820d725075da39802e23
DVP_343_076c2901d01e,Data/InfographicCharts/0_real/00020067.jpeg,InfographicCharts,0,076c2901d01ecfd0faad944852aa038fb524bb8c72b94060922998a1f7a21116
DVP_344_07722bc2fb56,Data/CommercialPosters/0_real/5bdc643d9259f9ba54ade183_preview.jpg,CommercialPosters,0,07722bc2fb561d9a1e36cd25db97d5cb7f180d4cf4e4a91ccf8fedfc9251a14d
DVP_345_0785beaf7430,Data/InfographicCharts/0_real/00043646.jpg,InfographicCharts,0,0785beaf74307185d3e8b113ab8053ef87b6fbd57ed7893717fdb29eb48fc4b4
DVP_346_079075ae269e,Data/UIScreenshots/1_fake/ui_0344.png,UIScreenshots,1,079075ae269e81a7455efc9bc00b6be8f719a7934632147b9324e63645c6de76
DVP_347_079571b6428e,Data/Receipts/1_fake/receipt_0128.png,Receipts,1,079571b6428e773079b5ebee043e407ea7e3ba50b6cf40354b13a15ccfefe378
DVP_348_07985044ac49,Data/CommercialPosters/0_real/5b9bb8d618654940f75cf43d_preview.jpg,CommercialPosters,0,07985044ac4959c7458375c4a634e0e74a9f3effabff0b52cdca6d7ef5547273
DVP_349_07a28143d15d,Data/Tables/1_fake/table_0615.png,Tables,1,07a28143d15d944baf806900dbc70c8c1f5ebdf198c5901e018515756e7c5c8e
DVP_350_07abf14003c8,Data/Receipts/1_fake/receipt_0971.png,Receipts,1,07abf14003c836a0759081018010ac8a160752423306266546430b66d7f1ad32
DVP_351_07ae8b9000a5,Data/InfographicCharts/1_fake/infographic_chart_0669.png,InfographicCharts,1,07ae8b9000a5524413ceaf203affebb0bf66a032d9e38c1c039f788226678bc3
DVP_352_07b50bd5e5b7,Data/UIScreenshots/1_fake/ui_0799.png,UIScreenshots,1,07b50bd5e5b730807dd39259532a202b5dfefeae39feab5a2fb8ed528629ae3f
DVP_353_07b87ee8329a,Data/CommercialPosters/1_fake/commercial_poster_0615.png,CommercialPosters,1,07b87ee8329a37598596dee002b02d39b3d8ce78657d646d08196d892b92e556
DVP_354_07b8e61682b3,Data/UIScreenshots/0_real/42048.jpg,UIScreenshots,0,07b8e61682b3950f0bb95224017c1e0c037d4c3dec7d278026b7c8ad768cdc80
DVP_355_07b97707b21b,Data/Tables/1_fake/table_0162.png,Tables,1,07b97707b21b4699d506dc60a4d8854a0dd3e00668c90ca453b4fccfa3936013
DVP_356_07c75f4bb5ae,Data/InfographicCharts/0_real/00026694.jpeg,InfographicCharts,0,07c75f4bb5ae673d21858cfe9c1414655488661e24786e09581234d492d54fd3
DVP_357_07d1223d54bc,Data/CommercialPosters/1_fake/commercial_poster_0484.png,CommercialPosters,1,07d1223d54bc2a5171376850050a49cb353be90a5bb2a619f352bd6dbbe2d1af
DVP_358_07d2155f383a,Data/CommercialPosters/1_fake/commercial_poster_0764.png,CommercialPosters,1,07d2155f383ab3cc4de14f819c722811c04cf98cad59e93112aa0799a563359a
DVP_359_07d9383564a0,Data/AcademicPosters/1_fake/academic_poster_0319.png,AcademicPosters,1,07d9383564a028bd92e3b29ad125f2eeda1290abe39d053466178c10bf4a2b79
DVP_360_07dbdeab758a,Data/AcademicPosters/0_real/ICLR_2024_19464_Coordinate-Aware Modulation for Neural Fields.png,AcademicPosters,0,07dbdeab758a83c723f828edbc74112bf836aecb3e272aed991b1920290dd8cb
DVP_361_07dc7c9c5809,Data/InfographicCharts/0_real/00015607.jpeg,InfographicCharts,0,07dc7c9c5809b01df78fe5f43f897f2d2c54f11bd5ef75ff2f9f8facc00c8f12
DVP_362_07e19bbb40d0,Data/Receipts/1_fake/receipt_0939.png,Receipts,1,07e19bbb40d0a782717c35c5f9c38b061db3b94674e2b87f6d55669c7b609a13
DVP_363_07e20e8a1b1f,Data/UIScreenshots/0_real/45855.jpg,UIScreenshots,0,07e20e8a1b1f3946227059b8eb373984ea30a4df6f0815fc141af8ca632d0672
DVP_364_07e5c488c358,Data/UIScreenshots/1_fake/ui_0278.png,UIScreenshots,1,07e5c488c35875720976a4c4f5b6d5cb4be6c10fa3c1cd35e5834b9f6f890d42
DVP_365_07f60bb21a95,Data/CommercialPosters/0_real/5d0cedba8cba87f9434ed579_preview.jpg,CommercialPosters,0,07f60bb21a958c6b95b624b4f92333184727bceed1e460187864a694d624888c
DVP_366_07facbd3786f,Data/CommercialPosters/1_fake/commercial_poster_0280.png,CommercialPosters,1,07facbd3786f5ca1b1f70d491d7a10cffc481bc660a2f461cefd2164492a827d
DVP_367_080749552209,Data/AcademicPosters/1_fake/academic_poster_0305.png,AcademicPosters,1,080749552209b11fbe66be854e20b2aeb7eee16e66b1a28ea5d182f0641a652f
DVP_368_0809ab371545,Data/UIScreenshots/1_fake/ui_0848.png,UIScreenshots,1,0809ab371545cce34386f50e3ff350d1e83a09a4359fb72007b76ea62c5f5b66
DVP_369_081f22026de9,Data/AcademicPosters/1_fake/academic_poster_0295.png,AcademicPosters,1,081f22026de99068b6fe79663529c5c9bf65e9108c8b10e53dd9f297fc65940b
DVP_370_082134b38ddd,Data/Receipts/0_real/X51006557178.jpg,Receipts,0,082134b38ddd0fe7cb8c89febd6a5e23ba3126328076df2890f30c1227715109
DVP_371_083590cf3c93,Data/CommercialPosters/1_fake/commercial_poster_0933.png,CommercialPosters,1,083590cf3c9385490639d60c7ae118dd88ee22128f13bba468f8b1613ce3ff65
DVP_372_083cb8ec8edb,Data/Tables/1_fake/table_0680.png,Tables,1,083cb8ec8edbcd15078698c4ca88d9c28bf6c91301e95fc735306b974ddb8897
DVP_373_0845fa95df7e,Data/AcademicPosters/0_real/ICML_2023_24289_Learning to Design Analog Circuits to Meet Threshold Specifi.png,AcademicPosters,0,0845fa95df7efdc1dfecdf420f816d42e2a72ebf4a8f8c1854d538c78420d190
DVP_374_085132c893b3,Data/InfographicCharts/0_real/00014304.jpeg,InfographicCharts,0,085132c893b34b06a5d98c4e371e3a1faa7c1971146c280f4bf2cff7573851e6
DVP_375_0859f90154b6,Data/CommercialPosters/1_fake/commercial_poster_0809.png,CommercialPosters,1,0859f90154b68dc6bc81bc82fcc0e857a6073830beebd5895f30cf5634b25e7a
DVP_376_0861c8af17f1,Data/InfographicCharts/0_real/00007078.jpeg,InfographicCharts,0,0861c8af17f16cd8bc5f12eb1a8cf79fdf7b4d359d28f2a3b53ecbdddfaaa131
DVP_377_0864c1d5629d,Data/UIScreenshots/1_fake/ui_0984.png,UIScreenshots,1,0864c1d5629d7cc5ef002d7b8ba4a817f34b24fd378ba3b8748b9f00c364e925
DVP_378_08663f1ea7ab,Data/UIScreenshots/0_real/5484.jpg,UIScreenshots,0,08663f1ea7ab8be1a3ed99b1e1c5b2a91a5f60b93c08551c942a14aff285974b
DVP_379_087250bbd4b2,Data/CommercialPosters/1_fake/commercial_poster_0334.png,CommercialPosters,1,087250bbd4b24b41c3f78cf55d2716e72d76fa2f7e39f910e04c4d293e8646c7
DVP_380_087429440d86,Data/InfographicCharts/0_real/00015467.jpeg,InfographicCharts,0,087429440d868510cb5ae97f3b276f85c824757edf9331b2bde40ee42b9558f8
DVP_381_0875edb01f77,Data/InfographicCharts/0_real/00047207.jpg,InfographicCharts,0,0875edb01f772abed9a61ba951e4797d362495328b0b4dc8d185ec07d4d0044c
DVP_382_0884e94fc99d,Data/CommercialPosters/0_real/5f562d93a637ee11e371a994_preview.jpg,CommercialPosters,0,0884e94fc99d71747de33a67063d1955f8aeba1c167631709690e3834f147a00
DVP_383_088dcdc974ae,Data/Tables/0_real/PMC4531468_table_1.jpg,Tables,0,088dcdc974aefd6c76864cb9f30ce0d11906e0857a5d32d727e97b4248660132
DVP_384_089134d57463,Data/CommercialPosters/1_fake/commercial_poster_0044.png,CommercialPosters,1,089134d5746310c159b17d7e736fbf454e26f821e48a036fe62b781dfeaca588
DVP_385_08a8e5848233,Data/CommercialPosters/0_real/5d68d8d3e79a2a634e979e0e_preview.jpg,CommercialPosters,0,08a8e58482332f018e3ba918c42aa1b2f3054e84edb7ef51370e765672131cad
DVP_386_08ad1f51ffec,Data/Receipts/1_fake/receipt_1081.png,Receipts,1,08ad1f51ffec6d26fc65872a315efcb9ecb23fe00558407630243ffd3d0e3f97
DVP_387_08b4afdf79c5,Data/CommercialPosters/0_real/5df3adee9fea0cc3742099ca_preview.jpg,CommercialPosters,0,08b4afdf79c52b0d2b7fb0db9c8afcaf5c4c07bf537d5e8481f2f90bc8e33bd7
DVP_388_08bc05fd6276,Data/InfographicCharts/0_real/00008000.jpeg,InfographicCharts,0,08bc05fd62764bb69fecde6cc514105f20a1328d87138b4fbf1ea7f05fe8a194
DVP_389_08c3bf96b2a8,Data/Tables/1_fake/table_0784.png,Tables,1,08c3bf96b2a8b3a856083f77871fa6d305dfca1dcb64fb7688f254ba16e8d334
DVP_390_08cbc19b9252,Data/AcademicPosters/0_real/NeurIPS_2022_53028_Recursive Reinforcement Learning.png,AcademicPosters,0,08cbc19b925264fa93eccb6614b80a4e3c9f09fe7db893d68b2579ed73204c26
DVP_391_08cfdc2d7caf,Data/AcademicPosters/0_real/ICLR_2023_11070_Symmetries_ Flat Minima_ and the Conserved Quantities of Gra.png,AcademicPosters,0,08cfdc2d7cafd27580b075c0e8d5a62db066c37df9cd1cd4fc1fb8fe98fb623e
DVP_392_08ddbd7a6855,Data/InfographicCharts/1_fake/infographic_chart_0112.png,InfographicCharts,1,08ddbd7a68557d40d22e1c0909be196ff82d6605602186c01b0a5e5da7433056
DVP_393_08e51fce38ce,Data/Receipts/1_fake/receipt_0032.png,Receipts,1,08e51fce38ce1058c892f0024022df0379404233e6d1cd5b84afd69894e8ba1d
DVP_394_08f67efff123,Data/Receipts/0_real/X51005605335.jpg,Receipts,0,08f67efff12353a34811943db3ac0a343605aef681e1a093f98b0b021505d1b2
DVP_395_08f821ff55d2,Data/CommercialPosters/0_real/5da041f8abc8ea6d1cb5b361_preview.jpg,CommercialPosters,0,08f821ff55d299c8e7d1f49e0a247daada6cb27ee465db78a8c6d9ab41427fd3
DVP_396_0900981544d1,Data/AcademicPosters/0_real/NeurIPS_2023_79866_Simple Data Sharing for Multi-Tasked Goal-Oriented Problems.png,AcademicPosters,0,0900981544d107abf7ab2a3978bc85e2bc0fd512bb88f06d7e28711c58c2e8b0
DVP_397_09011f0dc9e9,Data/InfographicCharts/0_real/00036657.jpg,InfographicCharts,0,09011f0dc9e98a86660416dcd6d77ee5d0358196e2b12ce4315ab69f4e59fa97
DVP_398_09093b1d690f,Data/Receipts/1_fake/receipt_0080.png,Receipts,1,09093b1d690f01844271825dcf788a03af61d6c5d8837843ab5adf8b18f39c10
DVP_399_091793ca9a04,Data/InfographicCharts/1_fake/infographic_chart_0781.png,InfographicCharts,1,091793ca9a04e0fd2a26f29838ca8d32fbb596bff9c9ec2508c8b244007f3c91
DVP_400_091833b1d8e6,Data/Receipts/1_fake/receipt_0904.png,Receipts,1,091833b1d8e647e57256a59ae85c504220978af0c8764d883cff3d291a4a3b58
DVP_401_091c23ff0d49,Data/CommercialPosters/1_fake/commercial_poster_0556.png,CommercialPosters,1,091c23ff0d490a75677eae118c70b8c0ac90a5957aabd3c2ed5ed362ae440848
DVP_402_092037b6ca2d,Data/UIScreenshots/0_real/68319.jpg,UIScreenshots,0,092037b6ca2de32013547f5b6218a4003fc4b5d0524237363d9eb794ef769904
DVP_403_092bacb8b31c,Data/AcademicPosters/1_fake/academic_poster_0294.png,AcademicPosters,1,092bacb8b31cfc0c3282cf2b44e4d1f1d3087f3e110b70978b30352d57138da0
DVP_404_092e70a3e049,Data/CommercialPosters/0_real/5d08e2718cba87f943c92ae6_preview.jpg,CommercialPosters,0,092e70a3e0499d11ba4aeef06d57318eee58fa6cd5ec3de4d3bc13bccd509677
DVP_405_0933b90fd08d,Data/AcademicPosters/1_fake/academic_poster_0225.png,AcademicPosters,1,0933b90fd08db20de6dcedf64640538a20d65ac29b466484d4e637779869062b
DVP_406_0933f7601889,Data/Receipts/0_real/X51005663298.jpg,Receipts,0,0933f7601889fea5c35d891f844580a6374e64a7dc6af552d4c7305eaa383319
DVP_407_0935fff55cb4,Data/UIScreenshots/1_fake/ui_0751.png,UIScreenshots,1,0935fff55cb4dc442d1ac3931880baadd776d932cd8c531d3003b997bb09c3e4
DVP_408_093b8b226594,Data/Receipts/1_fake/receipt_0310.png,Receipts,1,093b8b226594656453ccbdabb4eb5114bc2f7918a3f93060f063ce9caa88c841
DVP_409_093d175c5814,Data/AcademicPosters/0_real/ICML_2022_16171_On the Finite-Time Performance of the Knowledge Gradient Alg.png,AcademicPosters,0,093d175c58149aca236caf0a534b9959286419004ebd2f2961e2ec006b147c06
DVP_410_094c3c75b377,Data/AcademicPosters/0_real/ICML_2023_24360_Target-based Surrogates for Stochastic Optimization.png,AcademicPosters,0,094c3c75b377409756b2e82943ca3d399b1b069596d8b8d205e4bc279967ffd0
DVP_411_094dfc13302c,Data/AcademicPosters/1_fake/academic_poster_0198.png,AcademicPosters,1,094dfc13302cb98831f70f20904fab8fe974f958d1b77ebef5519a8defd7e953
DVP_412_09531beef8fb,Data/Tables/0_real/PMC4506362_table_1.jpg,Tables,0,09531beef8fb766c6a03117641a7031d55b9935e58dc85989ff60366f6793f2a
DVP_413_09572fccb482,Data/CommercialPosters/1_fake/commercial_poster_0958.png,CommercialPosters,1,09572fccb4825badcf5b6a89a73110f5afe3d685155101cad630da1068a82e6e
DVP_414_095d86225e40,Data/CommercialPosters/1_fake/commercial_poster_0590.png,CommercialPosters,1,095d86225e4079c6604af4c1e82315643b835e4876af010e5b6cc167c8269e16
DVP_415_0961007bdcba,Data/CommercialPosters/1_fake/commercial_poster_0987.png,CommercialPosters,1,0961007bdcbae7de74994a829edaf34df44563acdb6e16cc9ac39923840aabb3
DVP_416_096b5a876238,Data/CommercialPosters/0_real/5e317aaf9fea0cc374372ea1_preview.jpg,CommercialPosters,0,096b5a876238c50cdeb9fb05b7e7af45f130136a3a6f2437cadcf2e48dfc186f
DVP_417_096d2ae396fe,Data/Receipts/1_fake/receipt_0779.png,Receipts,1,096d2ae396fe34893d291654ab18944abbf719a8e2c2fa6f410eeade0dde6f84
DVP_418_097299734482,Data/UIScreenshots/0_real/32214.jpg,UIScreenshots,0,0972997344824b3c97970a47bbbefb7ccde949a09cf0c42d0079523ab7fdbc95
DVP_419_097a5f6cbe89,Data/InfographicCharts/0_real/00016541.jpeg,InfographicCharts,0,097a5f6cbe89682e062f884337d7a229d30986f4cf3fa9a6323b6d460305f858
DVP_420_097f671d1491,Data/AcademicPosters/1_fake/academic_poster_0467.png,AcademicPosters,1,097f671d1491ca261ccd1822027fc8f6f82d8b0064f520f52aa9030f8616f9e8
DVP_421_09874ff2b050,Data/CommercialPosters/1_fake/commercial_poster_0649.png,CommercialPosters,1,09874ff2b050b228dd90d377688e63bf36998f6fcfae8f9c914e550cecae9ab2
DVP_422_09878aa1c689,Data/AcademicPosters/0_real/NeurIPS_2022_53594_Quantum Algorithms for Sampling Log-Concave Distributions an.png,AcademicPosters,0,09878aa1c689e01f5d6c11ab1495ca9fad98e41d4b4b559d51d06ace8af448ed
DVP_423_098d896b0629,Data/UIScreenshots/1_fake/ui_0590.png,UIScreenshots,1,098d896b06296e18db4657b0a2b8e8c3287b4e870d1f6592b3d10949157ffdff
DVP_424_098d92349b99,Data/UIScreenshots/0_real/38410.jpg,UIScreenshots,0,098d92349b996474c30159564633d90aa2927488da74b3f21345be5f2ad3e120
DVP_425_09940b5d09b5,Data/AcademicPosters/0_real/ICML_2024_35052_DoRA_ Weight-Decomposed Low-Rank Adaptation.png,AcademicPosters,0,09940b5d09b52379ef7dc5f2682d20c1ac299cd0a5fc176da0f52c40ccf8ec30
DVP_426_0996fb0186cc,Data/InfographicCharts/1_fake/infographic_chart_0395.png,InfographicCharts,1,0996fb0186cc5b35d508cd40c485d035092d4cae6264bfa34b4a9195eecd7928
DVP_427_0999400278d0,Data/AcademicPosters/0_real/ICLR_2023_13475_Widespread increases in wildfire risk to forest carbon offse.png,AcademicPosters,0,0999400278d0089ee36d525248e47a3e2a463e387e4aef57758eed907c6d98a7
DVP_428_099c390a19b1,Data/Tables/1_fake/table_0471.png,Tables,1,099c390a19b1633e5d947b84b3c04d2e446ee6f896fb063738a36c3af083aa20
DVP_429_09a373bf6892,Data/UIScreenshots/0_real/228.jpg,UIScreenshots,0,09a373bf6892cf75e4ab727dc330ed91b6f0777073589bd7c7992204cb8521e3
DVP_430_09b56a4a580e,Data/InfographicCharts/0_real/00057135.jpg,InfographicCharts,0,09b56a4a580ef44c2eab5e323baf76cc4b875b14a0f2864ac46591a1094c83e8
DVP_431_09c41522f3ba,Data/CommercialPosters/1_fake/commercial_poster_0447.png,CommercialPosters,1,09c41522f3ba7269e970b7b6d62a6ab357b27481bb83cc3895c17cc0a11955fb
DVP_432_09c519a7a772,Data/Tables/1_fake/table_0544.png,Tables,1,09c519a7a772aea24ea1cab963c1edfabc563838f6e26e36b4f301d99ebe147a
DVP_433_09c6571c87b0,Data/AcademicPosters/0_real/ICML_2023_25251_Patch-level Contrastive Learning via Positional Query for Vi.png,AcademicPosters,0,09c6571c87b0a9c310d2fd3a5b28840ebd5f2b50eda883df53234fd7d9ecba80
DVP_434_09c8e2199746,Data/AcademicPosters/0_real/NeurIPS_2023_79000_DPZero_ Dimension-Independent and Differentially Private Zer.png,AcademicPosters,0,09c8e2199746a1b15f89a53d010f430efb674cd9fd2bd4b41bc87f5ac382e629
DVP_435_09c9cd245e0f,Data/AcademicPosters/1_fake/academic_poster_0080.png,AcademicPosters,1,09c9cd245e0f4573ee5957a8b1fbcfa75bc97270737ca1ac27731bb9a5650c27
DVP_436_09d109c1c88e,Data/Tables/1_fake/table_0685.png,Tables,1,09d109c1c88e8c1c298d87f4042b929db65796eb01062a7a9bddcb9a5a5a553f
DVP_437_09d3c7f188b6,Data/CommercialPosters/0_real/5e25540b9fea0cc374510bd5_preview.jpg,CommercialPosters,0,09d3c7f188b6c34e799d706678fa85b65df86cd74b1dba98be8fa5096654d06d
DVP_438_09d4c45d9f86,Data/Receipts/0_real/X51005255805.jpg,Receipts,0,09d4c45d9f86602de559c2ab1b29dd0893f35c5d5085415555955025d677e752
DVP_439_09da3c093f0c,Data/UIScreenshots/0_real/32936.jpg,UIScreenshots,0,09da3c093f0caac0216f9c367a8d44004fa44b54653d15ead48899617c67e8d8
DVP_440_09dd80be3307,Data/Tables/1_fake/table_0492.png,Tables,1,09dd80be3307c3e323b08b4be2856b57d3a9d97a77b8223c38da2acf2fde63b9
DVP_441_09e69ca7e8a4,Data/InfographicCharts/1_fake/infographic_chart_0277.png,InfographicCharts,1,09e69ca7e8a4f3755d96f92abc083daa8305a5658b2b69d5678fe3b276e03c4d
DVP_442_09ecd4810526,Data/CommercialPosters/0_real/5f560883a637ee11e31317e1_preview.jpg,CommercialPosters,0,09ecd4810526890bce179bcbc33dbb80bf13626fa9bc8706ae30a69b71d4d747
DVP_443_0a031680e02e,Data/Tables/0_real/PMC3128849_table_0.jpg,Tables,0,0a031680e02ebf0eb31a56ee4ea890ce5fba612ddbdac462b8f93d401610b6a9
DVP_444_0a082498dc33,Data/CommercialPosters/1_fake/commercial_poster_0846.png,CommercialPosters,1,0a082498dc330261e3d74bedda423f339744a9b830378de97d9ea17890a6d934
DVP_445_0a1183b1adc0,Data/AcademicPosters/0_real/ICML_2023_25086_Enabling First-Order Gradient-Based Learning for Equilibrium.png,AcademicPosters,0,0a1183b1adc0134bc11303487d9beda65220d1b310593f14b66fc3be82fc61f9
DVP_446_0a11d42a2c68,Data/Receipts/1_fake/receipt_0986.png,Receipts,1,0a11d42a2c68de11c4d13e17d7eee68379966c671d1af4812d4d216165f5cff5
DVP_447_0a12341e06e8,Data/InfographicCharts/1_fake/infographic_chart_0162.png,InfographicCharts,1,0a12341e06e883a5d7339ad68ce574dc44934568af1addd2ea74c7aeffcdc2ed
DVP_448_0a12b2e81fd7,Data/Receipts/0_real/X51005442383.jpg,Receipts,0,0a12b2e81fd7a8f5aaf612f151a5a037b742451292653c011c84e6d451026df4
DVP_449_0a12f1a9ed0e,Data/Receipts/0_real/X51005663317.jpg,Receipts,0,0a12f1a9ed0e57f4a82fe5bea5f8789ba6d0e3b5b30b4ce6dea7dde1f6304bed
DVP_450_0a16dab1f383,Data/AcademicPosters/0_real/ICML_2022_17475_Reducing Variance in Temporal-Difference Value Estimation vi.png,AcademicPosters,0,0a16dab1f3834e1aff74044c45e38220d9423ed6acb22f6bdee62efb9bbd8508
DVP_451_0a1bf30491cb,Data/Receipts/1_fake/receipt_0576.png,Receipts,1,0a1bf30491cbab036d83a8b7108fd9fd2f34747c83368cd2dc8f87553c8f6dff
DVP_452_0a26175758eb,Data/AcademicPosters/1_fake/academic_poster_0831.png,AcademicPosters,1,0a26175758eb94d1b99c6e518601e904a2b5b817fb6cecb22a570c7b4078c500
DVP_453_0a277dbe7397,Data/InfographicCharts/0_real/00005463.jpeg,InfographicCharts,0,0a277dbe739700fbbfcaa629c2c4f611a4038973cf8634839a5b13a7458864e5
DVP_454_0a2a001f89a0,Data/Tables/1_fake/table_0502.png,Tables,1,0a2a001f89a09c970304ec87528453c4cb86e1e56f3d91b4ccadfcbb07edecee
DVP_455_0a2bf208d3da,Data/Tables/0_real/PMC4936747_table_1.jpg,Tables,0,0a2bf208d3da35911ae5ee66c7149c3e77c090f514c709eb66018f0ff387928b
DVP_456_0a2e0434ae64,Data/Tables/1_fake/table_0096.png,Tables,1,0a2e0434ae64051726efd14ed56d668a5c4fb23f278a7ef1f11f39c9cf2d16aa
DVP_457_0a2f5b07486a,Data/Receipts/0_real/X51007339165.jpg,Receipts,0,0a2f5b07486ab33df67f43a648bb636e26fee8690c6a23c34483fe2ced0a2fd3
DVP_458_0a395d20b5b8,Data/Receipts/0_real/X51005663311.jpg,Receipts,0,0a395d20b5b849ea2153d6a2373428b1eac8e23aab01706b7d981965222af107
DVP_459_0a3f8c2f36be,Data/UIScreenshots/1_fake/ui_0418.png,UIScreenshots,1,0a3f8c2f36be1842d9c0b44817d304bd03b33f22137df6b53a1c367344978f63
DVP_460_0a4814ed58cc,Data/AcademicPosters/1_fake/academic_poster_0716.png,AcademicPosters,1,0a4814ed58cce14d6785dc210cdf03751e50c5784ce5df02f265ddd0f1633d8b
DVP_461_0a483db6bc65,Data/InfographicCharts/1_fake/infographic_chart_0847.png,InfographicCharts,1,0a483db6bc65309c299898a65424f9c2a59cc4aef8a703715e08b2f17c1d4ba0
DVP_462_0a4bf8241ac8,Data/AcademicPosters/0_real/NeurIPS_2023_71508_Fast Asymptotically Optimal Algorithms for Non-Parametric St.png,AcademicPosters,0,0a4bf8241ac804a724f8bbdd47b5412ffb67acf5f1695c5e0e86f905352f82c9
DVP_463_0a4f6462c509,Data/Receipts/1_fake/receipt_0427.png,Receipts,1,0a4f6462c509cbe58982beb700225defb0e69a9a3d002dd2d4b5529139a4f9a3
DVP_464_0a59d0d29861,Data/AcademicPosters/1_fake/academic_poster_0397.png,AcademicPosters,1,0a59d0d29861167e91246e4e34c8f68cf1c4e75306b0b16add1732a74774fe15
DVP_465_0a6eaae95691,Data/InfographicCharts/1_fake/infographic_chart_0725.png,InfographicCharts,1,0a6eaae95691d5ca85970977792a57e645d18112827f508e60db6e40601bfd88
DVP_466_0a71e8e5e411,Data/InfographicCharts/0_real/00015697.jpeg,InfographicCharts,0,0a71e8e5e41114c0e2f64d6fc8b04b18e0d400a75b554e107a3193c79f10fc2b
DVP_467_0a727f34c60f,Data/InfographicCharts/0_real/00025193.jpeg,InfographicCharts,0,0a727f34c60f02a62d6cd007679dc1d085d28aee064edbe45885c6d1b0371289
DVP_468_0a795d87e371,Data/UIScreenshots/0_real/66150.jpg,UIScreenshots,0,0a795d87e371be19fa383a80ebc6717240122050ee6df9e74f43614515b8f3ac
DVP_469_0a7dcbbbe9b1,Data/InfographicCharts/0_real/00049189.jpg,InfographicCharts,0,0a7dcbbbe9b181f9a8615f89707213e3853b68c9ec180d79ce8047ab678b33c2
DVP_470_0a8058cd3bc6,Data/AcademicPosters/1_fake/academic_poster_0678.png,AcademicPosters,1,0a8058cd3bc65c8ad56bacbd0dcda058eac4399e4085755f0c3a67279fa2c70a
DVP_471_0a8abc806a03,Data/UIScreenshots/1_fake/ui_0524.png,UIScreenshots,1,0a8abc806a03f872f6db8d197f77f84b6b9a42ee331fe6e1d7a4623e0a43d373
DVP_472_0a8ccd749081,Data/Receipts/1_fake/receipt_1078.png,Receipts,1,0a8ccd7490816278186b4610c373af097c6c9c317cd3d208ec2d36916f5ba997
DVP_473_0a9f528519bc,Data/CommercialPosters/1_fake/commercial_poster_0076.png,CommercialPosters,1,0a9f528519bc42d0ddbf7afe5293b3d3c7ef2d0404a5e9c0b905a174df605f72
DVP_474_0aa31d995e7c,Data/Receipts/1_fake/receipt_0398.png,Receipts,1,0aa31d995e7cc552d3d23cdd17830c9cddd2dc7774ee5d65c33db2460c72f4d5
DVP_475_0aa3e5b9d645,Data/Tables/0_real/PMC4632485_table_1.jpg,Tables,0,0aa3e5b9d645f3d45ef2b65ff493d76575be1d0add92a10851ea6bd504c01974
DVP_476_0aa5cd22c9ba,Data/InfographicCharts/1_fake/infographic_chart_0864.png,InfographicCharts,1,0aa5cd22c9ba4805cf8c44e89539ae84bcf3ed4802ab2daaf55b0ae560556100
DVP_477_0aa813c4162b,Data/InfographicCharts/1_fake/infographic_chart_0171.png,InfographicCharts,1,0aa813c4162b4d6cd70e4a3c1eaa2cbb28b4e103f07f6d4d82d1db81f9bb3f8f
DVP_478_0aab58efff9b,Data/InfographicCharts/0_real/00016250.jpeg,InfographicCharts,0,0aab58efff9be27f41858a2ebbc66a310d35d4f73bb854f6cd166a465ed7f66a
DVP_479_0aabe73c0880,Data/Receipts/1_fake/receipt_0716.png,Receipts,1,0aabe73c0880646b9c3a9e1dd14feda593978f391f4daf841b89a18ef141d7e8
DVP_480_0aae250404b5,Data/CommercialPosters/0_real/5c7fc3a785ea3c16f970957a_preview.jpg,CommercialPosters,0,0aae250404b5682bacc626d9d552a4d0302b2cd309522afc5618c30c9074b3b3
DVP_481_0aae88de0b01,Data/AcademicPosters/0_real/ICML_2024_34891_Graphon Mean Field Games with a Representative Player_ Analy.png,AcademicPosters,0,0aae88de0b01ea6d44f713c16faff1740ce0f14c6fbe5af9d62dac0326ee1f55
DVP_482_0aaf6a153d14,Data/AcademicPosters/1_fake/academic_poster_0368.png,AcademicPosters,1,0aaf6a153d1439f152932bce67eceea3227fd057f6d4b8c85dd2cd57b6daf006
DVP_483_0ab23687bb20,Data/CommercialPosters/0_real/5de528309fea0cc374c7d666_preview.jpg,CommercialPosters,0,0ab23687bb204833227f67b0a0b3d317a0b347a6417b925b1192772dadeeb560
DVP_484_0ab436e83341,Data/CommercialPosters/0_real/5b27a3d71eb1c99e2a6ba63f_preview.jpg,CommercialPosters,0,0ab436e83341c1aa614315acec76d195382e65d87bf1cfaaaefbf1c9bc7fe786
DVP_485_0ac25504a793,Data/Tables/1_fake/table_0060.png,Tables,1,0ac25504a793e25cb3f0f0754bccace1a75badcdb1ab0af2fb84a2aeb8a0c394
DVP_486_0ac6557b2c14,Data/AcademicPosters/1_fake/academic_poster_0007.png,AcademicPosters,1,0ac6557b2c14ab6389aeaf713be7c748cbc3b265421b47bffea999db9c2c72d5
DVP_487_0ac86e298f6f,Data/Tables/1_fake/table_0341.png,Tables,1,0ac86e298f6f44347e6070042b3166a4d61d9df1303c3b3c640443d5249a7c07
DVP_488_0adb2e63d236,Data/InfographicCharts/1_fake/infographic_chart_0865.png,InfographicCharts,1,0adb2e63d236b631908972e21bce460d54661ffad6a2f2d2cab099d87645ad34
DVP_489_0ae02d02d603,Data/AcademicPosters/1_fake/academic_poster_0141.png,AcademicPosters,1,0ae02d02d60359427f6d83356ae737a777e0030b02e0a084770bc87157dea6da
DVP_490_0ae69cddc805,Data/UIScreenshots/1_fake/ui_0909.png,UIScreenshots,1,0ae69cddc805e67a6622f9975376a80fdad6c6dd69cf0ea3cbab395e8066984e
DVP_491_0ae7919812ab,Data/CommercialPosters/0_real/5f1fff31a637ee11e3a339a5_preview.jpg,CommercialPosters,0,0ae7919812ab372cda5c5bb8d88c90d4adbf9e9af9570c287e5338f47ac2a21d
DVP_492_0af08253c4f6,Data/InfographicCharts/0_real/00042784.jpg,InfographicCharts,0,0af08253c4f6568f82fd614c78f808a5b998c6eba2fa97e2efe8c52a74ad5373
DVP_493_0af26a6eec42,Data/AcademicPosters/0_real/ICLR_2023_11253_Neural-based classification rule learning for sequential dat.png,AcademicPosters,0,0af26a6eec42a4a4044dabb55593f840e43e89d9946cfd33a75b28048cb2f091
DVP_494_0af6e996a392,Data/InfographicCharts/0_real/00006153.jpeg,InfographicCharts,0,0af6e996a392cae7cef24da8911f9c5a9abb0e3dda02a9a3cb34a8ac8f0d6640
DVP_495_0af7ba8d435e,Data/AcademicPosters/1_fake/academic_poster_0421.png,AcademicPosters,1,0af7ba8d435e9e8319a985bed52ca325537c0f8c908a425d9cf50ee0a3b4d500
DVP_496_0af987aa3da7,Data/Tables/0_real/PMC1555604_table_1.jpg,Tables,0,0af987aa3da774fd721d2af6937a9431b2cb1e0433268d4ede35f12b77eada4e
DVP_497_0afab10feca7,Data/Tables/1_fake/table_0021.png,Tables,1,0afab10feca74d5a7c46c61c31845161754a2b388d7b3da68752b987244f26b9
DVP_498_0b01c718747a,Data/AcademicPosters/0_real/NeurIPS_2023_73061_SaVeNet_ A Scalable Vector Network for Enhanced Molecular Re.png,AcademicPosters,0,0b01c718747a3bf75b493d934196bd367e36b94094a730bf9e62a50726cda8f6
DVP_499_0b02e14ea7ae,Data/UIScreenshots/0_real/9438.jpg,UIScreenshots,0,0b02e14ea7ae1e05040a91723c89cae62636d2ef3eeed4bb08e749bdbda96648
DVP_500_0b053d221f0f,Data/AcademicPosters/1_fake/academic_poster_0125.png,AcademicPosters,1,0b053d221f0fac654dad0caeabdb31e4cd32aa029cfddecf7d450d47bef582de
DVP_501_0b09ac319ee6,Data/UIScreenshots/1_fake/ui_0361.png,UIScreenshots,1,0b09ac319ee62a0742810c474b20c3462772829665ae65d8d9ce0e4a2ded541f
DVP_502_0b0c39795c86,Data/Receipts/1_fake/receipt_0353.png,Receipts,1,0b0c39795c8653f0dbf4a8a79940f8fc029c2e82d9acd243d9d0465e254f4da3
DVP_503_0b12f118becc,Data/Receipts/1_fake/receipt_0888.png,Receipts,1,0b12f118becc9240a5eb739a8ba7743f22458887e13c697cdb120191d0a4e235
DVP_504_0b157ce92345,Data/AcademicPosters/0_real/ICLR_2023_11904_Protein Representation Learning by Geometric Structure Pretr.png,AcademicPosters,0,0b157ce92345eca266583e93cba3f84ddb38de21891ca87fb26c36fca655e2f1
DVP_505_0b1a50c49c30,Data/UIScreenshots/0_real/21050.jpg,UIScreenshots,0,0b1a50c49c30ec5c7d0a371d5d7c67bd67127ffdaba717aa9cad8f3a775ef1bc
DVP_506_0b22d1f82a55,Data/InfographicCharts/1_fake/infographic_chart_0009.png,InfographicCharts,1,0b22d1f82a553352213a4b0c066a02dda46a466fe07409b4f423cbf529245fd6
DVP_507_0b299e3ae5a3,Data/InfographicCharts/1_fake/infographic_chart_0902.png,InfographicCharts,1,0b299e3ae5a3f642f4b195f724fa53e126a6d1f9399e32ad0464926383cb0c9b
DVP_508_0b2daa12eef4,Data/Receipts/0_real/X51005587261.jpg,Receipts,0,0b2daa12eef475d2287e3542cb06b46e8be896f88ebfa1a9e049abf59c5f7f1b
DVP_509_0b30a0beaa14,Data/CommercialPosters/0_real/5e04c1589fea0cc374a4c36e_preview.jpg,CommercialPosters,0,0b30a0beaa14f67110f294446840aa0705d3f1589309f6337262684cdd96995b
DVP_510_0b3eadae6ccf,Data/Tables/0_real/PMC4421911_table_2.jpg,Tables,0,0b3eadae6ccf11e41ebb4234ed14a78ab8bba64570f5abd96da7fb01e4af82e3
DVP_511_0b4673a284b5,Data/UIScreenshots/1_fake/ui_0231.png,UIScreenshots,1,0b4673a284b5bcc51fb23b127f128d610911a40b59d78d76fcbdc57f4e0c0b3d
DVP_512_0b4a7e9ddf64,Data/UIScreenshots/0_real/35871.jpg,UIScreenshots,0,0b4a7e9ddf6452fff7c05d085645059354e4a57cd6d1db61a35995759ab2ffbc
DVP_513_0b4fc482e725,Data/Tables/0_real/PMC3263730_table_0.jpg,Tables,0,0b4fc482e72574a89496bfe6958d621e09274ecdf135308f076ed90d5dcfe644
DVP_514_0b5494aa5257,Data/Receipts/1_fake/receipt_0021.png,Receipts,1,0b5494aa5257a6665837c34ce8f5160b291b083c2939e6cee3b2d295cf200ab7
DVP_515_0b65f6ad503a,Data/UIScreenshots/1_fake/ui_0328.png,UIScreenshots,1,0b65f6ad503aa1ce87d517df14fb3f84fe948dbf77094b37920cca993908d99a
DVP_516_0b7ea07dd90c,Data/UIScreenshots/1_fake/ui_0030.png,UIScreenshots,1,0b7ea07dd90cb12f3a611e590f373a396da2762cbb49d2c49ff6267251295be6
DVP_517_0b808ff59f26,Data/Receipts/0_real/X51005719906.jpg,Receipts,0,0b808ff59f264e1a45bc7b873a589bc3026ca933feebeda19e5c8d69645d832a
DVP_518_0b83c1f0d7cd,Data/Receipts/0_real/X51007846305.jpg,Receipts,0,0b83c1f0d7cd506ffe04ec38f1db5a130cc98222854392d8c3d42da1eb8b18e9
DVP_519_0b864300ae06,Data/AcademicPosters/1_fake/academic_poster_0283.png,AcademicPosters,1,0b864300ae0626b8b0085e250d0710de9cdfdb3656e7b6ce3d5d1323f6509f62
DVP_520_0b8683f97015,Data/Tables/0_real/PMC1193983_table_0.jpg,Tables,0,0b8683f970156f8cd85c59af0bb8dea5c429c135792d0c7324f41def1d070734
DVP_521_0b8775e24d4b,Data/Tables/0_real/PMC3384891_table_2.jpg,Tables,0,0b8775e24d4b74c8bdd4ff94e2b02b1f378feba7282395f2a9c5ff8bdc59de96
DVP_522_0b90074a8bea,Data/Tables/1_fake/table_0887.png,Tables,1,0b90074a8beac7cf7432b94f551d687ee7ddd370adb367518aa6976e604475d8
DVP_523_0b98808ec61b,Data/InfographicCharts/1_fake/infographic_chart_0559.png,InfographicCharts,1,0b98808ec61b276924c29ca4dab9d4647b075a40e0b016ea1266ac2f73cdc4ae
DVP_524_0b9fe5b0b6a6,Data/Receipts/1_fake/receipt_0548.png,Receipts,1,0b9fe5b0b6a621d8e398b032e822660d0790abc19b5f837458b83c1588a202e2
DVP_525_0baeeae35400,Data/UIScreenshots/0_real/41586.jpg,UIScreenshots,0,0baeeae354006926c974eab7fe59d2aafa38a72a4d148bf6d62e324cdb7da8b9
DVP_526_0bb0e4aba7d2,Data/UIScreenshots/0_real/59717.jpg,UIScreenshots,0,0bb0e4aba7d2720ae42f9580c7980f95e1700a7bb934916b877d8a80eee9c6eb
DVP_527_0bbb8d47377c,Data/Receipts/0_real/X51005757353.jpg,Receipts,0,0bbb8d47377c6c0b5bb9a5a8e2d3485a7db8f4f80d06c84d5865c63330d311c1
DVP_528_0bbd51a7d084,Data/UIScreenshots/0_real/70706.jpg,UIScreenshots,0,0bbd51a7d084c51dccc60299d669ab4dc18bfec43db7faac4e343fb8d11777aa
DVP_529_0bc29bdfc9bc,Data/AcademicPosters/1_fake/academic_poster_0240.png,AcademicPosters,1,0bc29bdfc9bcf0fe151595c5600013f147c06a0ff6c9ee2bb894f832f68050ae
DVP_530_0bc9e241e13c,Data/AcademicPosters/0_real/ICLR_2022_6104_An Agnostic Approach to Federated Learning with Class Imbala.png,AcademicPosters,0,0bc9e241e13c5d67ac9b5bd80ee15742747f854d2b07aba574affcf9cade8eb2
DVP_531_0bcd9d91c783,Data/AcademicPosters/1_fake/academic_poster_0931.png,AcademicPosters,1,0bcd9d91c7837e9b78eb39e666fc12c87f6b9ac590e539427d8f96540f731e69
DVP_532_0bdd69ae8d87,Data/UIScreenshots/1_fake/ui_0711.png,UIScreenshots,1,0bdd69ae8d8700e5afaca6d3362020962375a716a4849b3e7263c229cef4969a
DVP_533_0bde5bde8edc,Data/Tables/1_fake/table_0223.png,Tables,1,0bde5bde8edc3470533fc4cf0a519405597e9231cb3ea33ab528f192124fb2bb
DVP_534_0be445e994d6,Data/InfographicCharts/1_fake/infographic_chart_0650.png,InfographicCharts,1,0be445e994d65b0bc2898ffa02599f37bfaaa45c8f3401af2eea4f881c6e07d2
DVP_535_0be66644c1a1,Data/Tables/1_fake/table_0378.png,Tables,1,0be66644c1a1aa86dfa44ec264220cd869c8221fc74e9a23ecd934adbb2af42e
DVP_536_0be909eacf98,Data/AcademicPosters/0_real/NeurIPS_2023_76918_GraphTransformers for Geospatial Forecasting of Hurricane Tr.png,AcademicPosters,0,0be909eacf98008de37e0f7189235878077b14e4dd413e275f831288d4f7ef59
DVP_537_0bf60152b0b8,Data/Tables/1_fake/table_0498.png,Tables,1,0bf60152b0b8eed5ac44465665194cb371b26bd1552fd75554762603222d835c
DVP_538_0bf825545171,Data/AcademicPosters/0_real/NeurIPS_2023_73585_Intelligent Knee Sleeves_ A Real-time Multimodal Dataset for.png,AcademicPosters,0,0bf825545171d45a098f75373467ac49a8c1ce89d2e28bace554e3430980ca50
DVP_539_0bfc93ae11a6,Data/Tables/0_real/PMC4966699_table_2.jpg,Tables,0,0bfc93ae11a61478dea3ea1d53ddc248cafa299dff9970a67f5908588cad4635
DVP_540_0c0327a75d7d,Data/Tables/1_fake/table_0281.png,Tables,1,0c0327a75d7d3db3043968460dd34b2bd989c013cac3184ba051c7f62c0b3960
DVP_541_0c0a410ac2ed,Data/Tables/1_fake/table_0633.png,Tables,1,0c0a410ac2ed9a935596fdccc252f935581da6acb8d9e678a7d13f47b4cf3727
DVP_542_0c0dd4b8e1c9,Data/UIScreenshots/0_real/7632.jpg,UIScreenshots,0,0c0dd4b8e1c9e242cada1b875f6a39e0b458efd8f78fd7e7cbf85c496d2bf01c
DVP_543_0c0fc4ad15d5,Data/Receipts/0_real/X51006556823.jpg,Receipts,0,0c0fc4ad15d5632058150b6d3b327756a9b9e9ea2cae007f72c3ff7e7bc32819
DVP_544_0c190221458c,Data/UIScreenshots/0_real/68348.jpg,UIScreenshots,0,0c190221458cfb3ec36d269cfb84cb466ecc5382cc6b415213a65004dc1a7bb2
DVP_545_0c1a1d4412be,Data/AcademicPosters/0_real/ICLR_2024_22194_MathChat_ Converse to Tackle Challenging Math Problems with .png,AcademicPosters,0,0c1a1d4412be057391c918dac89954120c4de2c93b62e290fdf478fa2b0f9fad
DVP_546_0c35ee179889,Data/Tables/0_real/PMC3242766_table_2.jpg,Tables,0,0c35ee17988904a1e058e62a05d4fe59d7befbd9c822a9effd8ff3dfc2711bb1
DVP_547_0c5934136eaf,Data/InfographicCharts/1_fake/infographic_chart_0261.png,InfographicCharts,1,0c5934136eafa90253b473e00ccfb9e410511668935339cd33dcd0d1351134df
DVP_548_0c648680fea6,Data/Receipts/0_real/X51006401869.jpg,Receipts,0,0c648680fea621cd80d8006bc0018c6a13c7e2ff0aaf0924f330151e0a7628d7
DVP_549_0c6bb81eaf3f,Data/AcademicPosters/0_real/NeurIPS_2022_62273_Automatic Discovery of Composite SPMD Partitioning Strategie.png,AcademicPosters,0,0c6bb81eaf3f192a733ae9cf0026718b259a77a9babafded3a516d53acac1e47
DVP_550_0c6bd7f1c444,Data/UIScreenshots/0_real/7829.jpg,UIScreenshots,0,0c6bd7f1c4441678b45f3bc8980879afc319413463d790cfcd56eaac6f061c43
DVP_551_0c6c6a07b0e9,Data/UIScreenshots/1_fake/ui_0143.png,UIScreenshots,1,0c6c6a07b0e9b1f0769d69eb9e5d362d7ae3bad7c4e0adad5a41f1621c85c990
DVP_552_0c73901d22ad,Data/Receipts/0_real/X51008123451.jpg,Receipts,0,0c73901d22ad74fa62f902e4673d3aafcfa659cb4b92cee2b4282a859ad14a08
DVP_553_0c766e52f0db,Data/AcademicPosters/0_real/NeurIPS_2023_73497_MetaBox_ A Benchmark Platform for Meta-Black-Box Optimizatio.png,AcademicPosters,0,0c766e52f0db16e91974e061d0f4a6eca11e8e6a08ee3c6131a2493a7fe2af5c
DVP_554_0c83b75f37fd,Data/Tables/0_real/PMC5936689_table_1.jpg,Tables,0,0c83b75f37fda3122d506f5b5b50499478341a70d30dd9e7b2dd58fbd46399df
DVP_555_0caaa238d128,Data/UIScreenshots/1_fake/ui_0431.png,UIScreenshots,1,0caaa238d128de7565b493fd30c8323b849162b5031bc55c0cd013d4fa687d34
DVP_556_0cb13e09d767,Data/UIScreenshots/1_fake/ui_0411.png,UIScreenshots,1,0cb13e09d767cc902f4c4528429cc27e215c43e74a3677fb414640c27769f93d
DVP_557_0cc2d3f2ee63,Data/Tables/1_fake/table_0639.png,Tables,1,0cc2d3f2ee636009bb49b9a789eb8e9bc35a1d891a43bfefe598888363373783
DVP_558_0ccadbfa9781,Data/AcademicPosters/1_fake/academic_poster_0734.png,AcademicPosters,1,0ccadbfa9781227dbd045a96388946ca5a2493d98a9b68d2cc966399abf37c96
DVP_559_0ce7bb869743,Data/AcademicPosters/1_fake/academic_poster_0529.png,AcademicPosters,1,0ce7bb869743c5896c2aacc5fdfb84db61c8e437f325db96b90b6d98d8989939
DVP_560_0cf53e32a7a0,Data/UIScreenshots/1_fake/ui_0437.png,UIScreenshots,1,0cf53e32a7a03b29bd57db65567df67b1d7cdedd71be7b1ec44f82629b12b588
DVP_561_0cf99f903083,Data/Tables/1_fake/table_0844.png,Tables,1,0cf99f9030836d8e2bb5c58592300251d742ec922580034735e97ce84df67d1c
DVP_562_0cf9b1e60578,Data/AcademicPosters/1_fake/academic_poster_0356.png,AcademicPosters,1,0cf9b1e60578bbedc8d08a311a2d708e3ba4b659d27e6ffde684b2e3710f3ef9
DVP_563_0d0220f9836f,Data/InfographicCharts/1_fake/infographic_chart_0910.png,InfographicCharts,1,0d0220f9836f08d3d308112ffd4a430db508ac8cc687d3f518cac1707a6f8e14
DVP_564_0d04d51266e8,Data/AcademicPosters/1_fake/academic_poster_0251.png,AcademicPosters,1,0d04d51266e8dae946ad807574fbd986e8594025cfc5396e22fb0779cc151344
DVP_565_0d0862a1c4f7,Data/Tables/1_fake/table_0280.png,Tables,1,0d0862a1c4f7ea195e738bbf77177ec45c1598b634211d764049243976298db2
DVP_566_0d0b4ae97bea,Data/UIScreenshots/0_real/68041.jpg,UIScreenshots,0,0d0b4ae97beae38520c1a348d6fc76e74343cb331bdebac449478d8348846cb2
DVP_567_0d1603b3c107,Data/AcademicPosters/1_fake/academic_poster_0069.png,AcademicPosters,1,0d1603b3c107d792f39985d946458a231108de9f67da1c50d196b4b9d9ec82ee
DVP_568_0d1888b938df,Data/UIScreenshots/0_real/320.jpg,UIScreenshots,0,0d1888b938df9a2e40fc30070a28e915f3aa74868c6fa1a7974af3732425115f
DVP_569_0d27b46680a5,Data/Tables/1_fake/table_0928.png,Tables,1,0d27b46680a5ab9d6d53eeff87b0db542e9e4b2fcdc4600735ff99a6cb3b2028
DVP_570_0d3345a3a535,Data/AcademicPosters/0_real/ICLR_2023_14754_FedEBA__ Towards Fair and Effective Federated Learning via E.png,AcademicPosters,0,0d3345a3a5353d07ad58a6c988ce7805580f7616cdf6cbba234976e58d518eff
DVP_571_0d33cc1ff3c0,Data/Tables/0_real/PMC1266362_table_1.jpg,Tables,0,0d33cc1ff3c013df7400f23d2f7d35fcfe6711d22b98e21b878385ef8e28bf3f
DVP_572_0d346a60a61a,Data/AcademicPosters/0_real/ICLR_2023_10881_Replay Memory as An Empirical MDP_ Combining Conservative Es.png,AcademicPosters,0,0d346a60a61ad0bd03e5be3cdad968bcaa2a1b9a444051ca699f3892d4f4866f
DVP_573_0d3a801aee33,Data/Receipts/0_real/X51006414671.jpg,Receipts,0,0d3a801aee33d2edea46cf8b132ba6c15e14ed7b8a385fca7fdd30f2c668c409
DVP_574_0d453d7e358b,Data/InfographicCharts/1_fake/infographic_chart_0268.png,InfographicCharts,1,0d453d7e358b65d7f8eff5722c464eaa7875374d799cfd4fae8d2db550b1a4bd
DVP_575_0d5e0b407b92,Data/Tables/1_fake/table_0706.png,Tables,1,0d5e0b407b92c03f1ee37ca278cd4c917e0a9ef166d3eb85a01331d40ea03230
DVP_576_0d707e1fb02d,Data/Tables/0_real/PMC5017622_table_3.jpg,Tables,0,0d707e1fb02db1917734c00b24af2036d116c477d457c03645083a2b82021378
DVP_577_0d974f058e57,Data/UIScreenshots/1_fake/ui_0697.png,UIScreenshots,1,0d974f058e5779c1aab0960dd66432da2f5fec14295519b1a5dbb714728f6e9b
DVP_578_0d9f63e443c7,Data/Receipts/0_real/X51008123446.jpg,Receipts,0,0d9f63e443c7dfb9b9b2c63e6a35b627d416604692c3ad00d131c511ec690374
DVP_579_0db7e246f96c,Data/Tables/1_fake/table_0458.png,Tables,1,0db7e246f96c0ac359ea2dcf3d1d9ccdd12ed2724dd21dfc1a6df2c1cba09da0
DVP_580_0dc6607c3d27,Data/Tables/1_fake/table_0154.png,Tables,1,0dc6607c3d27e6ed33207c753f7c7ed9b8f000566fd5fce5e324816192b0af65
DVP_581_0dcc026c07a0,Data/AcademicPosters/0_real/NeurIPS_2023_70609_DrugCLIP_ Contrastive Protein-Molecule Representation Learni.png,AcademicPosters,0,0dcc026c07a0b749da5db29da5282ab6d2af6782dc0caf9795e0318ad67e7604
DVP_582_0ddbd52ca9dc,Data/Tables/1_fake/table_0930.png,Tables,1,0ddbd52ca9dcaefd2f22d0b4c7e266d388afa65be9d0ef4a1d2af6c8ba979709
DVP_583_0ddf9aea70b2,Data/Receipts/0_real/X51005442388.jpg,Receipts,0,0ddf9aea70b28a255c8575a3cf1267d050bd904301e5af24ee5ece1bd31061b7
DVP_584_0de387de0e37,Data/InfographicCharts/1_fake/infographic_chart_0084.png,InfographicCharts,1,0de387de0e3757a24ba176111c2c92fbb293f5e9ef59ce822570367250d3fff0
DVP_585_0df3b9548ded,Data/Tables/1_fake/table_0925.png,Tables,1,0df3b9548dedb750c2fa75e0dca027336e9dbf8e3925883e11b78ce3d284ecd2
DVP_586_0dfe07ac9862,Data/UIScreenshots/1_fake/ui_0101.png,UIScreenshots,1,0dfe07ac98623c1faf39fde3415e6d525de67a0e734a0198601d8677107f8150
DVP_587_0e240470850e,Data/Receipts/0_real/X51007843145.jpg,Receipts,0,0e240470850e04c98d862c1ed153376166c714286e3065b0ec55175246e71d2c
DVP_588_0e2886d2ca51,Data/Tables/1_fake/table_0402.png,Tables,1,0e2886d2ca5147a5dc667b7f8747f9a5fdd940198719e88b99cd5aff74606255
DVP_589_0e39426a0cb8,Data/Tables/1_fake/table_0261.png,Tables,1,0e39426a0cb8532e563acedda45f49946fca261dc4417e0373e8b4c1035bb141
DVP_590_0e3e6cd48d0b,Data/InfographicCharts/1_fake/infographic_chart_0002.png,InfographicCharts,1,0e3e6cd48d0b4e945d35362d796961c2bf0378dca821f88ba6cd28728dfe54e8
DVP_591_0e7b9d8cbb06,Data/Receipts/0_real/X51006913024.jpg,Receipts,0,0e7b9d8cbb06ecc694ee16d290c66ad80d5a6493f3ec7d67c30adbd3364d9b9c
DVP_592_0e85adb10d0e,Data/InfographicCharts/1_fake/infographic_chart_0370.png,InfographicCharts,1,0e85adb10d0e3feaf67de772bf6239640c9df2455f44706e3a5ed7154e3dc16a
DVP_593_0eaeb55fdf58,Data/InfographicCharts/1_fake/infographic_chart_0704.png,InfographicCharts,1,0eaeb55fdf58f81377a858d25195e56c24096e30c241c36fb23377617eda4c85
DVP_594_0eb5cb2fbda0,Data/Tables/0_real/PMC4404289_table_2.jpg,Tables,0,0eb5cb2fbda0b21f5f0afedc1988271f76b6ab30cd66cca9bc856f407e2e4cc2
DVP_595_0f075f130556,Data/Tables/0_real/PMC2829006_table_2.jpg,Tables,0,0f075f1305563a443de4ea51296d331ad29b551831cd8894c7b2d1fe065f04ac
DVP_596_0f56f0a940ec,Data/InfographicCharts/1_fake/infographic_chart_0481.png,InfographicCharts,1,0f56f0a940ecf94a0613a702a0815279730bde8b6c80566dab1e1249888412e5
DVP_597_0fba1bbaf3e7,Data/InfographicCharts/1_fake/infographic_chart_0398.png,InfographicCharts,1,0fba1bbaf3e7e968b221abf02e8159e2301bfc476a845abefd3ed8e12f861eef
DVP_598_0fc05a5b3c90,Data/InfographicCharts/1_fake/infographic_chart_0107.png,InfographicCharts,1,0fc05a5b3c90d9e98a5375b0b18dd3818f576aee5cd21c5d286adb3895b7d8b8
DVP_599_0fffe241b2c3,Data/InfographicCharts/1_fake/infographic_chart_0319.png,InfographicCharts,1,0fffe241b2c310e5cb2ec18ff3d76efeab9d7968554252dc84c331871da64d27
DVP_600_1018518e19a6,Data/InfographicCharts/1_fake/infographic_chart_0667.png,InfographicCharts,1,1018518e19a62cbb9f6356155b39afaf85cc70c51ec89e56fe95872a21064a39
